24.199.97.139,hola.org,catID,2024-10-10 15:19:28
147.182.251.93,hola.org,catID,2024-10-10 15:19:28
144.202.6.81,hola.org,catID,2024-10-10 15:19:28
194.68.225.14,hola.org,catID,2024-10-10 15:19:28
149.28.202.85,hola.org,catID,2024-10-10 15:19:28
45.77.190.46,hola.org,catID,2024-10-10 15:19:28
137.184.93.84,hola.org,catID,2024-10-10 15:19:28
143.110.234.18,hola.org,catID,2024-10-10 15:19:28
172.93.188.139,hola.org,catID,2024-10-10 15:19:28
137.184.202.179,hola.org,catID,2024-10-10 15:19:28
104.248.234.230,hola.org,catID,2024-10-10 15:19:28
207.246.86.81,hola.org,catID,2024-10-10 15:19:28
146.190.118.244,hola.org,catID,2024-10-10 15:19:28
147.182.129.49,hola.org,catID,2024-10-10 15:19:28
178.209.51.160,hola.org,catID,2024-10-10 15:19:28
139.84.194.239,hola.org,catID,2024-10-10 15:19:28
147.182.251.86,hola.org,catID,2024-10-10 15:19:28
45.32.133.141,hola.org,catID,2024-10-10 15:19:28
45.77.219.219,hola.org,catID,2024-10-10 15:19:28
149.28.37.150,hola.org,catID,2024-10-10 15:19:28
104.238.134.236,hola.org,catID,2024-10-10 15:19:28
45.77.235.169,hola.org,catID,2024-10-10 15:19:28
67.219.107.85,hola.org,catID,2024-10-10 15:19:28
67.219.109.111,hola.org,catID,2024-10-10 15:19:28
67.219.108.86,hola.org,catID,2024-10-10 15:19:28
139.180.183.16,hola.org,catID,2024-10-10 15:19:28
173.199.124.41,hola.org,catID,2024-10-10 15:19:28
45.32.240.71,hola.org,catID,2024-10-10 15:19:28
139.180.160.200,hola.org,catID,2024-10-10 15:19:28
45.63.15.200,hola.org,catID,2024-10-10 15:19:28
149.28.194.222,hola.org,catID,2024-10-10 15:19:28
67.219.104.230,hola.org,catID,2024-10-10 15:19:28
45.76.12.202,hola.org,catID,2024-10-10 15:19:28
45.77.220.108,hola.org,catID,2024-10-10 15:19:28
64.176.213.68,hola.org,catID,2024-10-10 15:19:28
64.176.207.137,hola.org,catID,2024-10-10 15:19:28
64.227.101.64,hola.org,catID,2024-10-10 15:19:28
208.167.255.74,hola.org,catID,2024-10-10 15:19:28
208.167.255.118,hola.org,catID,2024-10-10 15:19:28
67.205.182.128,hola.org,catID,2024-10-10 15:19:28
24.199.97.158,hola.org,catID,2024-10-10 15:19:28
34.238.149.150,hola.org,catID,2024-10-10 15:19:28
34.192.245.192,hola.org,catID,2024-10-10 15:19:28
45.114.118.102,hola.org,catID,2024-10-10 15:19:28
208.167.239.197,hola.org,catID,2024-10-10 15:19:28
207.148.17.152,hola.org,catID,2024-10-10 15:19:28
45.63.9.14,hola.org,catID,2024-10-10 15:19:28
149.28.212.174,hola.org,catID,2024-10-10 15:19:28
66.135.25.115,hola.org,catID,2024-10-10 15:19:28
45.76.167.179,hola.org,catID,2024-10-10 15:19:28
104.207.148.6,hola.org,catID,2024-10-10 15:19:28
66.135.15.232,hola.org,catID,2024-10-10 15:19:28
45.63.6.229,hola.org,catID,2024-10-10 15:19:28
140.82.51.166,hola.org,catID,2024-10-10 15:19:28
149.28.200.27,hola.org,catID,2024-10-10 15:19:28
149.28.206.26,hola.org,catID,2024-10-10 15:19:28
207.246.122.76,hola.org,catID,2024-10-10 15:19:28
64.176.198.250,hola.org,catID,2024-10-10 15:19:28
149.28.200.183,hola.org,catID,2024-10-10 15:19:28
149.28.198.80,hola.org,catID,2024-10-10 15:19:28
66.135.14.253,hola.org,catID,2024-10-10 15:19:28
144.202.10.115,hola.org,catID,2024-10-10 15:19:28
45.63.5.107,hola.org,catID,2024-10-10 15:19:28
64.176.223.76,hola.org,catID,2024-10-10 15:19:28
45.77.5.88,hola.org,catID,2024-10-10 15:19:28
104.156.226.113,hola.org,catID,2024-10-10 15:19:28
144.202.15.147,hola.org,catID,2024-10-10 15:19:28
149.28.232.232,hola.org,catID,2024-10-10 15:19:28
140.82.11.152,hola.org,catID,2024-10-10 15:19:28
140.82.13.39,hola.org,catID,2024-10-10 15:19:28
144.202.106.254,hola.org,catID,2024-10-10 15:19:28
140.82.10.83,hola.org,catID,2024-10-10 15:19:28
144.202.13.106,hola.org,catID,2024-10-10 15:19:28
45.32.140.203,hola.org,catID,2024-10-10 15:19:28
207.148.20.197,hola.org,catID,2024-10-10 15:19:28
144.202.102.160,hola.org,catID,2024-10-10 15:19:28
45.77.99.131,hola.org,catID,2024-10-10 15:19:28
144.202.5.130,hola.org,catID,2024-10-10 15:19:28
104.238.129.134,hola.org,catID,2024-10-10 15:19:28
149.28.225.61,hola.org,catID,2024-10-10 15:19:28
149.28.214.96,hola.org,catID,2024-10-10 15:19:28
45.32.134.98,hola.org,catID,2024-10-10 15:19:28
45.32.132.223,hola.org,catID,2024-10-10 15:19:28
207.246.94.16,hola.org,catID,2024-10-10 15:19:28
66.135.18.247,hola.org,catID,2024-10-10 15:19:28
45.63.93.66,hola.org,catID,2024-10-10 15:19:28
45.32.130.79,hola.org,catID,2024-10-10 15:19:28
149.28.206.55,hola.org,catID,2024-10-10 15:19:28
140.82.7.212,hola.org,catID,2024-10-10 15:19:28
45.76.12.251,hola.org,catID,2024-10-10 15:19:28
208.167.255.211,hola.org,catID,2024-10-10 15:19:28
64.176.208.43,hola.org,catID,2024-10-10 15:19:28
66.135.5.3,hola.org,catID,2024-10-10 15:19:28
45.77.6.204,hola.org,catID,2024-10-10 15:19:28
108.61.158.161,hola.org,catID,2024-10-10 15:19:28
45.77.203.126,hola.org,catID,2024-10-10 15:19:28
45.77.155.137,hola.org,catID,2024-10-10 15:19:28
64.176.219.107,hola.org,catID,2024-10-10 15:19:28
45.77.185.243,hola.org,catID,2024-10-10 15:19:28
207.246.91.208,hola.org,catID,2024-10-10 15:19:28
149.28.205.191,hola.org,catID,2024-10-10 15:19:28
216.155.134.250,hola.org,catID,2024-10-10 15:19:28
149.28.207.42,hola.org,catID,2024-10-10 15:19:28
45.32.128.201,hola.org,catID,2024-10-10 15:19:28
45.63.3.239,hola.org,catID,2024-10-10 15:19:28
207.148.18.191,hola.org,catID,2024-10-10 15:19:28
149.28.42.29,hola.org,catID,2024-10-10 15:19:28
45.63.93.246,hola.org,catID,2024-10-10 15:19:28
149.28.210.204,hola.org,catID,2024-10-10 15:19:28
149.28.197.74,hola.org,catID,2024-10-10 15:19:28
216.155.139.165,hola.org,catID,2024-10-10 15:19:28
149.28.60.5,hola.org,catID,2024-10-10 15:19:28
66.135.5.92,hola.org,catID,2024-10-10 15:19:28
149.28.218.123,hola.org,catID,2024-10-10 15:19:28
64.176.212.97,hola.org,catID,2024-10-10 15:19:28
104.207.151.159,hola.org,catID,2024-10-10 15:19:28
149.28.223.36,hola.org,catID,2024-10-10 15:19:28
140.82.3.102,hola.org,catID,2024-10-10 15:19:28
144.202.103.70,hola.org,catID,2024-10-10 15:19:28
149.28.214.68,hola.org,catID,2024-10-10 15:19:28
45.76.128.185,hola.org,catID,2024-10-10 15:19:28
144.202.5.83,hola.org,catID,2024-10-10 15:19:28
45.32.1.154,hola.org,catID,2024-10-10 15:19:28
149.28.234.31,hola.org,catID,2024-10-10 15:19:28
158.247.254.198,hola.org,catID,2024-10-10 15:19:28
158.247.196.200,hola.org,catID,2024-10-10 15:19:28
158.247.200.199,hola.org,catID,2024-10-10 15:19:28
158.247.224.58,hola.org,catID,2024-10-10 15:19:28
158.247.224.117,hola.org,catID,2024-10-10 15:19:28
141.164.62.22,hola.org,catID,2024-10-10 15:19:28
37.235.52.208,hola.org,catID,2024-10-10 15:19:28
45.77.5.91,hola.org,catID,2024-10-10 15:19:28
213.183.54.171,hola.org,catID,2024-10-10 15:19:28
192.121.171.115,hola.org,catID,2024-10-10 15:19:28
45.114.118.80,hola.org,catID,2024-10-10 15:19:28
151.236.23.185,hola.org,catID,2024-10-10 15:19:28
151.236.23.238,hola.org,catID,2024-10-10 15:19:28
209.250.229.144,hola.org,catID,2024-10-10 15:19:28
104.248.232.252,hola.org,catID,2024-10-10 15:19:28
149.28.193.59,hola.org,catID,2024-10-10 15:19:28
91.228.216.3,hola.org,catID,2024-10-10 15:19:28
24.199.102.179,hola.org,catID,2024-10-10 15:19:28
137.184.0.42,hola.org,catID,2024-10-10 15:19:28
192.71.213.81,hola.org,catID,2024-10-10 15:19:28
151.236.21.8,hola.org,catID,2024-10-10 15:19:28
83.136.106.244,hola.org,catID,2024-10-10 15:19:28
172.93.165.100,hola.org,catID,2024-10-10 15:19:28
168.205.94.31,hola.org,catID,2024-10-10 15:19:28
3.211.192.152,hola.org,catID,2024-10-10 15:19:28
216.238.79.236,hola.org,catID,2024-10-10 15:19:28
147.182.253.232,hola.org,catID,2024-10-10 15:19:28
165.22.12.129,hola.org,catID,2024-10-10 15:19:28
13.248.245.245,hola.org,catID,2024-10-10 15:19:28
76.223.112.12,hola.org,catID,2024-10-10 15:19:28
103.212.223.52,hola.org,catID,2024-10-10 15:19:28
209.97.181.253,hola.org,catID,2024-10-10 15:19:28
64.227.109.169,hola.org,catID,2024-10-10 15:19:28
143.198.28.175,hola.org,catID,2024-10-10 15:19:28
173.199.124.105,hola.org,catID,2024-10-10 15:19:28
161.35.12.186,hola.org,catID,2024-10-10 15:19:28
149.28.175.90,hola.org,catID,2024-10-10 15:19:28
27.255.65.11,hola.org,catID,2024-10-10 15:19:28
172.93.165.107,hola.org,catID,2024-10-10 15:19:28
212.235.66.76,hola.org,catID,2024-10-10 15:19:28
104.131.179.7,hola.org,catID,2024-10-10 15:19:28
139.180.170.207,hola.org,catID,2024-10-10 15:19:28
137.184.85.253,hola.org,catID,2024-10-10 15:19:28
104.131.179.201,hola.org,catID,2024-10-10 15:19:28
104.131.179.223,hola.org,catID,2024-10-10 15:19:28
140.82.11.43,hola.org,catID,2024-10-10 15:19:28
168.205.94.28,hola.org,catID,2024-10-10 15:19:28
167.179.97.151,hola.org,catID,2024-10-10 15:19:28
194.68.225.60,hola.org,catID,2024-10-10 15:19:28
45.63.90.23,hola.org,catID,2024-10-10 15:19:28
141.94.17.32,hola.org,catID,2024-10-10 15:19:28
104.131.179.213,hola.org,catID,2024-10-10 15:19:28
37.235.49.77,hola.org,catID,2024-10-10 15:19:28
164.92.65.243,hola.org,catID,2024-10-10 15:19:28
178.62.76.96,hola.org,catID,2024-10-10 15:19:28
104.248.234.189,hola.org,catID,2024-10-10 15:19:28
143.198.155.20,hola.org,catID,2024-10-10 15:19:28
149.28.48.230,hola.org,catID,2024-10-10 15:19:28
104.156.226.51,hola.org,catID,2024-10-10 15:19:28
137.184.14.1,hola.org,catID,2024-10-10 15:19:28
172.93.165.101,hola.org,catID,2024-10-10 15:19:28
143.198.198.209,hola.org,catID,2024-10-10 15:19:28
165.232.153.85,hola.org,catID,2024-10-10 15:19:28
45.32.60.38,hola.org,catID,2024-10-10 15:19:28
157.245.158.102,hola.org,catID,2024-10-10 15:19:28
64.227.110.8,hola.org,catID,2024-10-10 15:19:28
89.187.144.168,hola.org,catID,2024-10-10 15:19:28
193.235.207.32,hola.org,catID,2024-10-10 15:19:28
45.32.188.90,hola.org,catID,2024-10-10 15:19:28
188.166.189.7,hola.org,catID,2024-10-10 15:19:28
104.248.230.228,hola.org,catID,2024-10-10 15:19:28
147.182.251.59,hola.org,catID,2024-10-10 15:19:28
207.154.194.176,hola.org,catID,2024-10-10 15:19:28
95.141.32.203,hola.org,catID,2024-10-10 15:19:28
45.76.119.115,hola.org,catID,2024-10-10 15:19:28
137.184.14.231,hola.org,catID,2024-10-10 15:19:28
83.136.106.49,hola.org,catID,2024-10-10 15:19:28
157.245.52.95,hola.org,catID,2024-10-10 15:19:28
24.199.104.181,hola.org,catID,2024-10-10 15:19:28
157.245.57.247,hola.org,catID,2024-10-10 15:19:28
24.199.97.152,hola.org,catID,2024-10-10 15:19:28
157.245.156.194,hola.org,catID,2024-10-10 15:19:28
137.184.198.12,hola.org,catID,2024-10-10 15:19:28
24.199.98.173,hola.org,catID,2024-10-10 15:19:28
161.35.61.140,hola.org,catID,2024-10-10 15:19:28
165.22.12.89,hola.org,catID,2024-10-10 15:19:28
188.166.190.59,hola.org,catID,2024-10-10 15:19:28
167.172.73.186,hola.org,catID,2024-10-10 15:19:28
159.223.222.246,hola.org,catID,2024-10-10 15:19:28
209.222.10.92,hola.org,catID,2024-10-10 15:19:28
176.31.18.182,hola.org,catID,2024-10-10 15:19:28
209.222.21.108,hola.org,catID,2024-10-10 15:19:28
143.198.234.31,hola.org,catID,2024-10-10 15:19:28
45.77.102.26,hola.org,catID,2024-10-10 15:19:28
188.166.82.84,hola.org,catID,2024-10-10 15:19:28
188.166.82.55,hola.org,catID,2024-10-10 15:19:28
188.166.81.73,hola.org,catID,2024-10-10 15:19:28
104.238.135.62,hola.org,catID,2024-10-10 15:19:28
143.198.228.193,hola.org,catID,2024-10-10 15:19:28
159.203.41.0,hola.org,catID,2024-10-10 15:19:28
139.84.197.104,hola.org,catID,2024-10-10 15:19:28
159.203.42.109,hola.org,catID,2024-10-10 15:19:28
147.182.243.195,hola.org,catID,2024-10-10 15:19:28
8.9.31.211,hola.org,catID,2024-10-10 15:19:28
144.126.228.189,hola.org,catID,2024-10-10 15:19:28
157.230.54.153,hola.org,catID,2024-10-10 15:19:28
164.92.180.144,hola.org,catID,2024-10-10 15:19:28
143.110.210.20,hola.org,catID,2024-10-10 15:19:28
143.198.40.105,hola.org,catID,2024-10-10 15:19:28
68.183.198.141,hola.org,catID,2024-10-10 15:19:28
147.182.243.115,hola.org,catID,2024-10-10 15:19:28
164.92.132.45,hola.org,catID,2024-10-10 15:19:28
172.93.165.103,hola.org,catID,2024-10-10 15:19:28
209.97.181.215,hola.org,catID,2024-10-10 15:19:28
68.183.198.130,hola.org,catID,2024-10-10 15:19:28
147.182.129.2,hola.org,catID,2024-10-10 15:19:28
68.183.40.86,hola.org,catID,2024-10-10 15:19:28
165.22.239.106,hola.org,catID,2024-10-10 15:19:28
164.92.134.244,hola.org,catID,2024-10-10 15:19:28
68.183.198.131,hola.org,catID,2024-10-10 15:19:28
188.166.168.248,hola.org,catID,2024-10-10 15:19:28
143.110.220.53,hola.org,catID,2024-10-10 15:19:28
159.203.40.97,hola.org,catID,2024-10-10 15:19:28
157.230.230.235,hola.org,catID,2024-10-10 15:19:28
45.76.197.249,hola.org,catID,2024-10-10 15:19:28
159.203.36.156,hola.org,catID,2024-10-10 15:19:28
159.203.36.215,hola.org,catID,2024-10-10 15:19:28
67.219.111.178,hola.org,catID,2024-10-10 15:19:28
134.209.168.235,hola.org,catID,2024-10-10 15:19:28
198.13.60.30,hola.org,catID,2024-10-10 15:19:28
108.61.162.224,hola.org,catID,2024-10-10 15:19:28
178.62.4.203,hola.org,catID,2024-10-10 15:19:28
64.227.98.184,hola.org,catID,2024-10-10 15:19:28
143.110.228.35,hola.org,catID,2024-10-10 15:19:28
147.182.251.128,hola.org,catID,2024-10-10 15:19:28
137.184.85.204,hola.org,catID,2024-10-10 15:19:28
68.183.198.158,hola.org,catID,2024-10-10 15:19:28
46.101.90.33,hola.org,catID,2024-10-10 15:19:28
167.71.62.22,hola.org,catID,2024-10-10 15:19:28
68.183.44.169,hola.org,catID,2024-10-10 15:19:28
206.189.20.28,hola.org,catID,2024-10-10 15:19:28
104.131.177.117,hola.org,catID,2024-10-10 15:19:28
161.35.12.148,hola.org,catID,2024-10-10 15:19:28
165.22.34.97,hola.org,catID,2024-10-10 15:19:28
134.209.175.160,hola.org,catID,2024-10-10 15:19:28
206.189.180.56,hola.org,catID,2024-10-10 15:19:28
147.182.198.132,hola.org,catID,2024-10-10 15:19:28
206.189.24.101,hola.org,catID,2024-10-10 15:19:28
134.122.116.14,hola.org,catID,2024-10-10 15:19:28
164.92.74.188,hola.org,catID,2024-10-10 15:19:28
64.227.102.81,hola.org,catID,2024-10-10 15:19:28
64.227.111.154,hola.org,catID,2024-10-10 15:19:28
68.183.198.133,hola.org,catID,2024-10-10 15:19:28
138.68.184.233,hola.org,catID,2024-10-10 15:19:28
192.241.154.243,hola.org,catID,2024-10-10 15:19:28
174.138.84.205,hola.org,catID,2024-10-10 15:19:28
143.198.226.168,hola.org,catID,2024-10-10 15:19:28
167.71.82.20,hola.org,catID,2024-10-10 15:19:28
67.219.107.6,hola.org,catID,2024-10-10 15:19:28
46.101.90.63,hola.org,catID,2024-10-10 15:19:28
143.198.32.236,hola.org,catID,2024-10-10 15:19:28
157.230.54.161,hola.org,catID,2024-10-10 15:19:28
165.232.144.158,hola.org,catID,2024-10-10 15:19:28
147.182.169.62,hola.org,catID,2024-10-10 15:19:28
134.122.61.238,hola.org,catID,2024-10-10 15:19:28
137.184.85.148,hola.org,catID,2024-10-10 15:19:28
178.62.6.124,hola.org,catID,2024-10-10 15:19:28
157.230.54.147,hola.org,catID,2024-10-10 15:19:28
167.71.140.174,hola.org,catID,2024-10-10 15:19:28
24.199.106.240,hola.org,catID,2024-10-10 15:19:28
46.101.74.66,hola.org,catID,2024-10-10 15:19:28
46.101.76.139,hola.org,catID,2024-10-10 15:19:28
68.183.34.62,hola.org,catID,2024-10-10 15:19:28
67.205.186.125,hola.org,catID,2024-10-10 15:19:28
167.99.206.212,hola.org,catID,2024-10-10 15:19:28
104.248.232.193,hola.org,catID,2024-10-10 15:19:28
67.205.186.50,hola.org,catID,2024-10-10 15:19:28
138.68.180.2,hola.org,catID,2024-10-10 15:19:28
137.184.194.230,hola.org,catID,2024-10-10 15:19:28
162.243.168.16,hola.org,catID,2024-10-10 15:19:28
104.131.179.135,hola.org,catID,2024-10-10 15:19:28
147.182.251.135,hola.org,catID,2024-10-10 15:19:28
67.205.164.236,hola.org,catID,2024-10-10 15:19:28
67.205.177.111,hola.org,catID,2024-10-10 15:19:28
198.199.75.31,hola.org,catID,2024-10-10 15:19:28
167.99.198.196,hola.org,catID,2024-10-10 15:19:28
198.199.89.186,hola.org,catID,2024-10-10 15:19:28
104.131.179.145,hola.org,catID,2024-10-10 15:19:28
147.182.245.222,hola.org,catID,2024-10-10 15:19:28
64.227.110.245,hola.org,catID,2024-10-10 15:19:28
167.71.90.51,hola.org,catID,2024-10-10 15:19:28
209.97.181.124,hola.org,catID,2024-10-10 15:19:28
143.198.28.84,hola.org,catID,2024-10-10 15:19:28
167.172.20.51,hola.org,catID,2024-10-10 15:19:28
209.97.189.189,hola.org,catID,2024-10-10 15:19:28
104.248.234.46,hola.org,catID,2024-10-10 15:19:28
104.248.232.134,hola.org,catID,2024-10-10 15:19:28
167.99.192.192,hola.org,catID,2024-10-10 15:19:28
209.97.181.245,hola.org,catID,2024-10-10 15:19:28
146.190.72.110,hola.org,catID,2024-10-10 15:19:28
143.198.75.74,hola.org,catID,2024-10-10 15:19:28
143.244.154.2,hola.org,catID,2024-10-10 15:19:28
104.131.179.66,hola.org,catID,2024-10-10 15:19:28
209.97.189.102,hola.org,catID,2024-10-10 15:19:28
24.199.96.107,hola.org,catID,2024-10-10 15:19:28
143.198.28.69,hola.org,catID,2024-10-10 15:19:28
198.199.74.67,hola.org,catID,2024-10-10 15:19:28
165.232.46.33,hola.org,catID,2024-10-10 15:19:28
67.205.175.184,hola.org,catID,2024-10-10 15:19:28
142.93.252.128,hola.org,catID,2024-10-10 15:19:28
198.199.121.92,hola.org,catID,2024-10-10 15:19:28
67.205.185.136,hola.org,catID,2024-10-10 15:19:28
164.90.156.115,hola.org,catID,2024-10-10 15:19:28
64.227.101.99,hola.org,catID,2024-10-10 15:19:28
143.198.28.24,hola.org,catID,2024-10-10 15:19:28
174.138.36.124,hola.org,catID,2024-10-10 15:19:28
138.68.106.46,hola.org,catID,2024-10-10 15:19:28
174.138.84.62,hola.org,catID,2024-10-10 15:19:28
164.92.132.57,hola.org,catID,2024-10-10 15:19:28
104.248.232.125,hola.org,catID,2024-10-10 15:19:28
206.189.28.230,hola.org,catID,2024-10-10 15:19:28
137.184.93.88,hola.org,catID,2024-10-10 15:19:28
64.227.107.148,hola.org,catID,2024-10-10 15:19:28
142.93.246.195,hola.org,catID,2024-10-10 15:19:28
137.184.152.91,hola.org,catID,2024-10-10 15:19:28
165.22.8.104,hola.org,catID,2024-10-10 15:19:28
137.184.93.92,hola.org,catID,2024-10-10 15:19:28
104.248.236.233,hola.org,catID,2024-10-10 15:19:28
207.154.202.64,hola.org,catID,2024-10-10 15:19:28
137.184.146.185,hola.org,catID,2024-10-10 15:19:28
157.245.81.161,hola.org,catID,2024-10-10 15:19:28
162.243.167.155,hola.org,catID,2024-10-10 15:19:28
143.198.113.74,hola.org,catID,2024-10-10 15:19:28
64.225.2.23,hola.org,catID,2024-10-10 15:19:28
104.248.226.35,hola.org,catID,2024-10-10 15:19:28
138.197.36.171,hola.org,catID,2024-10-10 15:19:28
137.184.138.196,hola.org,catID,2024-10-10 15:19:28
167.71.18.92,hola.org,catID,2024-10-10 15:19:28
140.82.44.43,hola.org,catID,2024-10-10 15:19:28
64.225.2.64,hola.org,catID,2024-10-10 15:19:28
64.227.111.129,hola.org,catID,2024-10-10 15:19:28
157.245.81.250,hola.org,catID,2024-10-10 15:19:28
167.71.82.174,hola.org,catID,2024-10-10 15:19:28
165.22.40.95,hola.org,catID,2024-10-10 15:19:28
138.197.36.189,hola.org,catID,2024-10-10 15:19:28
167.71.90.254,hola.org,catID,2024-10-10 15:19:28
167.71.90.68,hola.org,catID,2024-10-10 15:19:28
165.22.47.235,hola.org,catID,2024-10-10 15:19:28
167.71.82.99,hola.org,catID,2024-10-10 15:19:28
64.227.107.79,hola.org,catID,2024-10-10 15:19:28
206.189.24.65,hola.org,catID,2024-10-10 15:19:28
147.182.251.180,hola.org,catID,2024-10-10 15:19:28
143.198.75.178,hola.org,catID,2024-10-10 15:19:28
137.184.1.15,hola.org,catID,2024-10-10 15:19:28
24.144.104.12,hola.org,catID,2024-10-10 15:19:28
137.184.93.119,hola.org,catID,2024-10-10 15:19:28
167.71.86.54,hola.org,catID,2024-10-10 15:19:28
67.205.146.130,hola.org,catID,2024-10-10 15:19:28
198.211.101.138,hola.org,catID,2024-10-10 15:19:28
143.198.20.255,hola.org,catID,2024-10-10 15:19:28
67.205.146.208,hola.org,catID,2024-10-10 15:19:28
167.71.90.10,hola.org,catID,2024-10-10 15:19:28
165.232.156.61,hola.org,catID,2024-10-10 15:19:28
24.199.97.178,hola.org,catID,2024-10-10 15:19:28
143.198.28.146,hola.org,catID,2024-10-10 15:19:28
164.92.69.176,hola.org,catID,2024-10-10 15:19:28
157.230.54.158,hola.org,catID,2024-10-10 15:19:28
159.223.106.80,hola.org,catID,2024-10-10 15:19:28
164.90.157.238,hola.org,catID,2024-10-10 15:19:28
143.198.28.225,hola.org,catID,2024-10-10 15:19:28
146.190.118.73,hola.org,catID,2024-10-10 15:19:28
165.22.12.57,hola.org,catID,2024-10-10 15:19:28
207.154.204.187,hola.org,catID,2024-10-10 15:19:28
64.227.102.191,hola.org,catID,2024-10-10 15:19:28
159.89.52.126,hola.org,catID,2024-10-10 15:19:28
24.199.97.180,hola.org,catID,2024-10-10 15:19:28
165.22.32.97,hola.org,catID,2024-10-10 15:19:28
134.122.28.167,hola.org,catID,2024-10-10 15:19:28
24.199.97.164,hola.org,catID,2024-10-10 15:19:28
24.199.97.146,hola.org,catID,2024-10-10 15:19:28
159.223.106.253,hola.org,catID,2024-10-10 15:19:28
165.22.34.122,hola.org,catID,2024-10-10 15:19:28
165.22.195.21,hola.org,catID,2024-10-10 15:19:28
206.189.180.24,hola.org,catID,2024-10-10 15:19:28
165.22.44.6,hola.org,catID,2024-10-10 15:19:28
143.198.28.199,hola.org,catID,2024-10-10 15:19:28
165.232.153.125,hola.org,catID,2024-10-10 15:19:28
24.199.98.199,hola.org,catID,2024-10-10 15:19:28
207.154.252.154,hola.org,catID,2024-10-10 15:19:28
104.131.179.21,hola.org,catID,2024-10-10 15:19:28
137.184.194.200,hola.org,catID,2024-10-10 15:19:28
207.154.250.41,hola.org,catID,2024-10-10 15:19:28
209.97.181.191,hola.org,catID,2024-10-10 15:19:28
209.97.185.159,hola.org,catID,2024-10-10 15:19:28
143.198.18.37,hola.org,catID,2024-10-10 15:19:28
138.68.174.155,hola.org,catID,2024-10-10 15:19:28
207.154.248.186,hola.org,catID,2024-10-10 15:19:28
165.22.205.58,hola.org,catID,2024-10-10 15:19:28
157.230.111.167,hola.org,catID,2024-10-10 15:19:28
164.90.145.177,hola.org,catID,2024-10-10 15:19:28
139.59.184.150,hola.org,catID,2024-10-10 15:19:28
159.203.90.59,hola.org,catID,2024-10-10 15:19:28
207.154.250.218,hola.org,catID,2024-10-10 15:19:28
104.248.239.94,hola.org,catID,2024-10-10 15:19:28
207.154.250.104,hola.org,catID,2024-10-10 15:19:28
157.230.121.125,hola.org,catID,2024-10-10 15:19:28
188.166.159.197,hola.org,catID,2024-10-10 15:19:28
209.97.181.172,hola.org,catID,2024-10-10 15:19:28
209.97.181.171,hola.org,catID,2024-10-10 15:19:28
104.248.230.30,hola.org,catID,2024-10-10 15:19:28
209.97.185.104,hola.org,catID,2024-10-10 15:19:28
134.122.104.60,hola.org,catID,2024-10-10 15:19:28
188.166.148.127,hola.org,catID,2024-10-10 15:19:28
138.68.161.126,hola.org,catID,2024-10-10 15:19:28
188.166.150.58,hola.org,catID,2024-10-10 15:19:28
138.68.161.157,hola.org,catID,2024-10-10 15:19:28
104.248.230.44,hola.org,catID,2024-10-10 15:19:28
134.209.203.100,hola.org,catID,2024-10-10 15:19:28
138.68.161.68,hola.org,catID,2024-10-10 15:19:28
188.166.145.130,hola.org,catID,2024-10-10 15:19:28
188.166.146.239,hola.org,catID,2024-10-10 15:19:28
188.166.158.43,hola.org,catID,2024-10-10 15:19:28
69.55.55.249,hola.org,catID,2024-10-10 15:19:28
139.59.180.184,hola.org,catID,2024-10-10 15:19:28
147.182.129.30,hola.org,catID,2024-10-10 15:19:28
147.182.201.181,hola.org,catID,2024-10-10 15:19:28
146.190.126.27,hola.org,catID,2024-10-10 15:19:28
104.131.180.11,hola.org,catID,2024-10-10 15:19:28
147.182.251.79,hola.org,catID,2024-10-10 15:19:28
207.154.242.99,hola.org,catID,2024-10-10 15:19:28
104.207.133.239,hola.org,catID,2024-10-10 15:19:28
195.146.2.155,hola.org,catID,2024-10-10 15:19:28
159.223.106.170,hola.org,catID,2024-10-10 15:19:28
194.71.227.85,hola.org,catID,2024-10-10 15:19:28
142.93.205.235,hola.org,catID,2024-10-10 15:19:28
46.246.28.40,hola.org,catID,2024-10-10 15:19:28
91.200.242.203,hola.org,catID,2024-10-10 15:19:28
167.99.57.161,hola.org,catID,2024-10-10 15:19:28
206.189.197.147,hola.org,catID,2024-10-10 15:19:28
149.28.189.113,hola.org,catID,2024-10-10 15:19:28
3.85.72.7,hola.org,catID,2024-10-10 15:19:28
52.6.143.226,hola.org,catID,2024-10-10 15:19:28
45.77.157.198,hola.org,catID,2024-10-10 15:19:28
3.89.0.0,hola.org,catID,2024-10-10 15:19:28
138.68.106.103,hola.org,catID,2024-10-10 15:19:28
85.10.50.173,hola.org,catID,2024-10-10 15:19:28
192.241.192.29,hola.org,catID,2024-10-10 15:19:28
167.172.244.13,hola.org,catID,2024-10-10 15:19:28
149.28.220.98,hola.org,catID,2024-10-10 15:19:28
139.180.164.112,hola.org,catID,2024-10-10 15:19:28
64.227.38.158,hola.org,catID,2024-10-10 15:19:28
45.77.201.63,hola.org,catID,2024-10-10 15:19:28
192.121.46.57,hola.org,catID,2024-10-10 15:19:28
192.71.213.100,hola.org,catID,2024-10-10 15:19:28
157.245.39.140,hola.org,catID,2024-10-10 15:19:28
206.189.188.10,hola.org,catID,2024-10-10 15:19:28
136.244.66.77,hola.org,catID,2024-10-10 15:19:28
51.161.131.91,hola.org,catID,2024-10-10 15:19:28
212.235.66.73,hola.org,catID,2024-10-10 15:19:28
68.183.148.20,hola.org,catID,2024-10-10 15:19:28
206.189.237.215,hola.org,catID,2024-10-10 15:19:28
37.235.52.30,hola.org,catID,2024-10-10 15:19:28
194.71.227.61,hola.org,catID,2024-10-10 15:19:28
131.255.6.41,hola.org,catID,2024-10-10 15:19:28
151.236.18.9,hola.org,catID,2024-10-10 15:19:28
167.71.81.90,hola.org,catID,2024-10-10 15:19:28
108.61.173.108,hola.org,catID,2024-10-10 15:19:28
157.245.37.206,hola.org,catID,2024-10-10 15:19:28
167.172.48.245,hola.org,catID,2024-10-10 15:19:28
185.224.196.123,hola.org,catID,2024-10-10 15:19:28
143.198.2.87,hola.org,catID,2024-10-10 15:19:28
216.238.113.201,hola.org,catID,2024-10-10 15:19:28
207.148.28.232,hola.org,catID,2024-10-10 15:19:28
45.77.146.122,hola.org,catID,2024-10-10 15:19:28
167.71.243.107,hola.org,catID,2024-10-10 15:19:28
167.71.245.174,hola.org,catID,2024-10-10 15:19:28
37.235.52.231,hola.org,catID,2024-10-10 15:19:28
45.77.179.56,hola.org,catID,2024-10-10 15:19:28
108.61.245.243,hola.org,catID,2024-10-10 15:19:28
45.77.98.192,hola.org,catID,2024-10-10 15:19:28
45.114.118.77,hola.org,catID,2024-10-10 15:19:28
167.99.238.168,hola.org,catID,2024-10-10 15:19:28
37.235.52.73,hola.org,catID,2024-10-10 15:19:28
45.63.11.59,hola.org,catID,2024-10-10 15:19:28
207.148.98.212,hola.org,catID,2024-10-10 15:19:28
159.65.255.55,hola.org,catID,2024-10-10 15:19:28
45.76.3.233,hola.org,catID,2024-10-10 15:19:28
149.28.17.68,hola.org,catID,2024-10-10 15:19:28
45.114.116.123,hola.org,catID,2024-10-10 15:19:28
198.13.58.232,hola.org,catID,2024-10-10 15:19:28
37.235.49.110,hola.org,catID,2024-10-10 15:19:28
108.160.133.80,hola.org,catID,2024-10-10 15:19:28
167.99.146.8,hola.org,catID,2024-10-10 15:19:28
209.222.21.79,hola.org,catID,2024-10-10 15:19:28
140.82.4.96,hola.org,catID,2024-10-10 15:19:28
216.238.71.4,hola.org,catID,2024-10-10 15:19:28
208.167.255.229,hola.org,catID,2024-10-10 15:19:28
157.245.11.38,hola.org,catID,2024-10-10 15:19:28
37.235.52.137,hola.org,catID,2024-10-10 15:19:28
206.189.179.34,hola.org,catID,2024-10-10 15:19:28
45.32.8.147,hola.org,catID,2024-10-10 15:19:28
164.92.90.175,hola.org,catID,2024-10-10 15:19:28
167.99.154.238,hola.org,catID,2024-10-10 15:19:28
169.150.236.105,hola.org,catID,2024-10-10 15:19:28
173.199.118.91,hola.org,catID,2024-10-10 15:19:28
149.28.49.208,hola.org,catID,2024-10-10 15:19:28
45.63.0.66,hola.org,catID,2024-10-10 15:19:28
143.198.190.106,hola.org,catID,2024-10-10 15:19:28
140.82.14.84,hola.org,catID,2024-10-10 15:19:28
45.76.7.191,hola.org,catID,2024-10-10 15:19:28
140.82.12.207,hola.org,catID,2024-10-10 15:19:28
89.187.145.220,hola.org,catID,2024-10-10 15:19:28
198.199.118.189,hola.org,catID,2024-10-10 15:19:28
140.82.63.232,hola.org,catID,2024-10-10 15:19:28
45.76.14.156,hola.org,catID,2024-10-10 15:19:28
164.92.71.75,hola.org,catID,2024-10-10 15:19:28
208.167.255.48,hola.org,catID,2024-10-10 15:19:28
140.82.1.232,hola.org,catID,2024-10-10 15:19:28
158.247.232.67,hola.org,catID,2024-10-10 15:19:28
173.199.118.134,hola.org,catID,2024-10-10 15:19:28
149.28.48.22,hola.org,catID,2024-10-10 15:19:28
140.82.40.171,hola.org,catID,2024-10-10 15:19:28
45.76.2.39,hola.org,catID,2024-10-10 15:19:28
149.28.40.99,hola.org,catID,2024-10-10 15:19:28
143.198.5.175,hola.org,catID,2024-10-10 15:19:28
149.28.228.65,hola.org,catID,2024-10-10 15:19:28
96.30.198.139,hola.org,catID,2024-10-10 15:19:28
207.246.87.170,hola.org,catID,2024-10-10 15:19:28
164.92.87.71,hola.org,catID,2024-10-10 15:19:28
45.76.4.193,hola.org,catID,2024-10-10 15:19:28
140.82.5.152,hola.org,catID,2024-10-10 15:19:28
140.82.6.171,hola.org,catID,2024-10-10 15:19:28
104.238.128.112,hola.org,catID,2024-10-10 15:19:28
164.92.82.127,hola.org,catID,2024-10-10 15:19:28
45.77.101.183,hola.org,catID,2024-10-10 15:19:28
45.77.111.37,hola.org,catID,2024-10-10 15:19:28
159.223.119.113,hola.org,catID,2024-10-10 15:19:28
5.172.194.251,hola.org,catID,2024-10-10 15:19:28
207.148.19.131,hola.org,catID,2024-10-10 15:19:28
155.138.201.79,hola.org,catID,2024-10-10 15:19:28
164.92.95.175,hola.org,catID,2024-10-10 15:19:28
140.82.62.186,hola.org,catID,2024-10-10 15:19:28
45.77.186.73,hola.org,catID,2024-10-10 15:19:28
164.92.96.41,hola.org,catID,2024-10-10 15:19:28
167.99.48.6,hola.org,catID,2024-10-10 15:19:28
194.71.130.48,hola.org,catID,2024-10-10 15:19:28
164.92.96.85,hola.org,catID,2024-10-10 15:19:28
155.138.160.84,hola.org,catID,2024-10-10 15:19:28
45.63.83.252,hola.org,catID,2024-10-10 15:19:28
134.122.96.231,hola.org,catID,2024-10-10 15:19:28
8.9.31.36,hola.org,catID,2024-10-10 15:19:28
167.179.74.84,hola.org,catID,2024-10-10 15:19:28
167.71.107.141,hola.org,catID,2024-10-10 15:19:28
45.63.11.52,hola.org,catID,2024-10-10 15:19:28
157.245.208.223,hola.org,catID,2024-10-10 15:19:28
167.99.189.86,hola.org,catID,2024-10-10 15:19:28
167.99.152.230,hola.org,catID,2024-10-10 15:19:28
159.89.176.10,hola.org,catID,2024-10-10 15:19:28
108.61.245.176,hola.org,catID,2024-10-10 15:19:28
144.202.31.233,hola.org,catID,2024-10-10 15:19:28
45.77.99.164,hola.org,catID,2024-10-10 15:19:28
159.223.122.48,hola.org,catID,2024-10-10 15:19:28
164.92.95.252,hola.org,catID,2024-10-10 15:19:28
165.22.233.237,hola.org,catID,2024-10-10 15:19:28
104.156.225.118,hola.org,catID,2024-10-10 15:19:28
164.92.94.17,hola.org,catID,2024-10-10 15:19:28
45.77.222.206,hola.org,catID,2024-10-10 15:19:28
137.184.233.197,hola.org,catID,2024-10-10 15:19:28
164.92.72.235,hola.org,catID,2024-10-10 15:19:28
104.238.130.179,hola.org,catID,2024-10-10 15:19:28
164.92.82.215,hola.org,catID,2024-10-10 15:19:28
149.28.201.110,hola.org,catID,2024-10-10 15:19:28
45.32.132.216,hola.org,catID,2024-10-10 15:19:28
45.77.200.201,hola.org,catID,2024-10-10 15:19:28
208.167.248.53,hola.org,catID,2024-10-10 15:19:28
159.223.166.143,hola.org,catID,2024-10-10 15:19:28
158.247.202.75,hola.org,catID,2024-10-10 15:19:28
164.92.72.234,hola.org,catID,2024-10-10 15:19:28
159.223.168.183,hola.org,catID,2024-10-10 15:19:28
164.92.67.213,hola.org,catID,2024-10-10 15:19:28
45.63.1.182,hola.org,catID,2024-10-10 15:19:28
45.77.216.55,hola.org,catID,2024-10-10 15:19:28
149.28.57.27,hola.org,catID,2024-10-10 15:19:28
164.92.96.78,hola.org,catID,2024-10-10 15:19:28
164.90.129.111,hola.org,catID,2024-10-10 15:19:28
45.63.10.110,hola.org,catID,2024-10-10 15:19:28
164.92.96.84,hola.org,catID,2024-10-10 15:19:28
161.35.108.242,hola.org,catID,2024-10-10 15:19:28
192.241.196.173,hola.org,catID,2024-10-10 15:19:28
159.223.168.29,hola.org,catID,2024-10-10 15:19:28
159.223.178.195,hola.org,catID,2024-10-10 15:19:28
134.122.3.118,hola.org,catID,2024-10-10 15:19:28
159.223.134.200,hola.org,catID,2024-10-10 15:19:28
143.198.5.212,hola.org,catID,2024-10-10 15:19:28
45.114.118.106,hola.org,catID,2024-10-10 15:19:28
155.138.199.69,hola.org,catID,2024-10-10 15:19:28
85.94.75.136,hola.org,catID,2024-10-10 15:19:28
149.28.56.55,hola.org,catID,2024-10-10 15:19:28
167.71.79.38,hola.org,catID,2024-10-10 15:19:28
167.99.57.236,hola.org,catID,2024-10-10 15:19:28
108.61.191.96,hola.org,catID,2024-10-10 15:19:28
85.10.51.4,hola.org,catID,2024-10-10 15:19:28
159.223.127.106,hola.org,catID,2024-10-10 15:19:28
149.28.56.100,hola.org,catID,2024-10-10 15:19:28
159.223.137.70,hola.org,catID,2024-10-10 15:19:28
159.223.185.5,hola.org,catID,2024-10-10 15:19:28
164.90.137.223,hola.org,catID,2024-10-10 15:19:28
45.63.86.249,hola.org,catID,2024-10-10 15:19:28
159.223.179.221,hola.org,catID,2024-10-10 15:19:28
170.75.174.81,hola.org,catID,2024-10-10 15:19:28
64.227.39.40,hola.org,catID,2024-10-10 15:19:28
165.22.238.18,hola.org,catID,2024-10-10 15:19:28
207.246.82.198,hola.org,catID,2024-10-10 15:19:28
164.90.143.29,hola.org,catID,2024-10-10 15:19:28
134.122.3.85,hola.org,catID,2024-10-10 15:19:28
164.92.96.89,hola.org,catID,2024-10-10 15:19:28
155.138.202.198,hola.org,catID,2024-10-10 15:19:28
164.92.79.154,hola.org,catID,2024-10-10 15:19:28
34.194.214.128,hola.org,catID,2024-10-10 15:19:28
164.92.92.124,hola.org,catID,2024-10-10 15:19:28
143.198.10.178,hola.org,catID,2024-10-10 15:19:28
157.245.4.84,hola.org,catID,2024-10-10 15:19:28
83.136.106.149,hola.org,catID,2024-10-10 15:19:28
159.223.189.225,hola.org,catID,2024-10-10 15:19:28
68.183.202.219,hola.org,catID,2024-10-10 15:19:28
159.223.138.170,hola.org,catID,2024-10-10 15:19:28
141.164.45.221,hola.org,catID,2024-10-10 15:19:28
167.99.12.66,hola.org,catID,2024-10-10 15:19:28
134.209.191.133,hola.org,catID,2024-10-10 15:19:28
164.92.69.130,hola.org,catID,2024-10-10 15:19:28
64.225.25.217,hola.org,catID,2024-10-10 15:19:28
149.28.219.194,hola.org,catID,2024-10-10 15:19:28
144.202.19.224,hola.org,catID,2024-10-10 15:19:28
140.82.33.54,hola.org,catID,2024-10-10 15:19:28
45.77.88.106,hola.org,catID,2024-10-10 15:19:28
138.197.103.227,hola.org,catID,2024-10-10 15:19:28
141.164.55.229,hola.org,catID,2024-10-10 15:19:28
138.68.134.184,hola.org,catID,2024-10-10 15:19:28
64.227.45.3,hola.org,catID,2024-10-10 15:19:28
45.77.0.210,hola.org,catID,2024-10-10 15:19:28
134.122.32.10,hola.org,catID,2024-10-10 15:19:28
143.198.38.102,hola.org,catID,2024-10-10 15:19:28
45.63.91.165,hola.org,catID,2024-10-10 15:19:28
192.71.213.77,hola.org,catID,2024-10-10 15:19:28
45.63.84.152,hola.org,catID,2024-10-10 15:19:28
206.189.190.233,hola.org,catID,2024-10-10 15:19:28
94.101.87.12,hola.org,catID,2024-10-10 15:19:28
159.65.251.233,hola.org,catID,2024-10-10 15:19:28
95.179.170.129,hola.org,catID,2024-10-10 15:19:28
178.128.226.1,hola.org,catID,2024-10-10 15:19:28
136.244.88.237,hola.org,catID,2024-10-10 15:19:28
140.82.48.20,hola.org,catID,2024-10-10 15:19:28
108.61.161.119,hola.org,catID,2024-10-10 15:19:28
167.172.61.18,hola.org,catID,2024-10-10 15:19:28
45.77.0.33,hola.org,catID,2024-10-10 15:19:28
142.93.195.21,hola.org,catID,2024-10-10 15:19:28
155.138.162.75,hola.org,catID,2024-10-10 15:19:28
64.227.43.255,hola.org,catID,2024-10-10 15:19:28
165.227.40.83,hola.org,catID,2024-10-10 15:19:28
37.235.49.79,hola.org,catID,2024-10-10 15:19:28
45.77.4.198,hola.org,catID,2024-10-10 15:19:28
165.22.116.8,hola.org,catID,2024-10-10 15:19:28
157.245.15.249,hola.org,catID,2024-10-10 15:19:28
104.248.172.67,hola.org,catID,2024-10-10 15:19:28
164.90.129.116,hola.org,catID,2024-10-10 15:19:28
142.93.195.25,hola.org,catID,2024-10-10 15:19:28
18.210.234.246,hola.org,catID,2024-10-10 15:19:28
178.62.117.62,hola.org,catID,2024-10-10 15:19:28
159.223.168.249,hola.org,catID,2024-10-10 15:19:28
104.207.149.1,hola.org,catID,2024-10-10 15:19:28
143.198.13.250,hola.org,catID,2024-10-10 15:19:28
3.217.21.103,hola.org,catID,2024-10-10 15:19:28
159.223.163.246,hola.org,catID,2024-10-10 15:19:28
167.99.206.164,hola.org,catID,2024-10-10 15:19:28
158.247.237.171,hola.org,catID,2024-10-10 15:19:28
157.245.3.85,hola.org,catID,2024-10-10 15:19:28
204.48.29.131,hola.org,catID,2024-10-10 15:19:28
204.48.27.159,hola.org,catID,2024-10-10 15:19:28
209.97.191.123,hola.org,catID,2024-10-10 15:19:28
138.68.136.106,hola.org,catID,2024-10-10 15:19:28
94.101.87.144,hola.org,catID,2024-10-10 15:19:28
159.223.185.37,hola.org,catID,2024-10-10 15:19:28
165.22.116.144,hola.org,catID,2024-10-10 15:19:28
142.93.61.219,hola.org,catID,2024-10-10 15:19:28
206.189.178.19,hola.org,catID,2024-10-10 15:19:28
178.128.45.188,hola.org,catID,2024-10-10 15:19:28
165.22.118.161,hola.org,catID,2024-10-10 15:19:28
157.245.210.111,hola.org,catID,2024-10-10 15:19:28
137.184.96.29,hola.org,catID,2024-10-10 15:19:28
157.245.218.255,hola.org,catID,2024-10-10 15:19:28
140.82.50.40,hola.org,catID,2024-10-10 15:19:28
216.238.78.57,hola.org,catID,2024-10-10 15:19:28
137.184.132.197,hola.org,catID,2024-10-10 15:19:28
143.244.169.56,hola.org,catID,2024-10-10 15:19:28
68.183.154.192,hola.org,catID,2024-10-10 15:19:28
142.93.176.178,hola.org,catID,2024-10-10 15:19:28
134.122.35.70,hola.org,catID,2024-10-10 15:19:28
45.32.139.72,hola.org,catID,2024-10-10 15:19:28
158.255.208.193,hola.org,catID,2024-10-10 15:19:28
45.77.186.74,hola.org,catID,2024-10-10 15:19:28
45.63.83.197,hola.org,catID,2024-10-10 15:19:28
165.227.118.129,hola.org,catID,2024-10-10 15:19:28
157.245.214.133,hola.org,catID,2024-10-10 15:19:28
204.48.29.162,hola.org,catID,2024-10-10 15:19:28
104.248.162.0,hola.org,catID,2024-10-10 15:19:28
157.245.210.128,hola.org,catID,2024-10-10 15:19:28
137.184.148.86,hola.org,catID,2024-10-10 15:19:28
165.227.193.43,hola.org,catID,2024-10-10 15:19:28
165.22.126.91,hola.org,catID,2024-10-10 15:19:28
157.245.218.156,hola.org,catID,2024-10-10 15:19:28
157.245.214.158,hola.org,catID,2024-10-10 15:19:28
178.128.41.148,hola.org,catID,2024-10-10 15:19:28
143.110.216.178,hola.org,catID,2024-10-10 15:19:28
165.22.118.210,hola.org,catID,2024-10-10 15:19:28
158.247.236.12,hola.org,catID,2024-10-10 15:19:28
142.93.205.221,hola.org,catID,2024-10-10 15:19:28
164.92.96.86,hola.org,catID,2024-10-10 15:19:28
206.81.4.123,hola.org,catID,2024-10-10 15:19:28
137.184.75.206,hola.org,catID,2024-10-10 15:19:28
143.198.190.219,hola.org,catID,2024-10-10 15:19:28
45.77.205.196,hola.org,catID,2024-10-10 15:19:28
45.63.90.21,hola.org,catID,2024-10-10 15:19:28
142.93.35.40,hola.org,catID,2024-10-10 15:19:28
45.77.7.51,hola.org,catID,2024-10-10 15:19:28
157.245.210.125,hola.org,catID,2024-10-10 15:19:28
144.202.97.118,hola.org,catID,2024-10-10 15:19:28
206.189.191.174,hola.org,catID,2024-10-10 15:19:28
159.223.180.173,hola.org,catID,2024-10-10 15:19:28
192.248.177.146,hola.org,catID,2024-10-10 15:19:28
143.198.2.55,hola.org,catID,2024-10-10 15:19:28
144.202.100.162,hola.org,catID,2024-10-10 15:19:28
64.227.112.84,hola.org,catID,2024-10-10 15:19:28
143.198.185.93,hola.org,catID,2024-10-10 15:19:28
