125.212.198.16,garena.vn,catID,2024-10-10 15:22:36
137.59.117.55,garena.vn,catID,2024-10-10 15:22:36
45.119.240.61,garena.vn,catID,2024-10-10 15:22:36
125.212.198.15,garena.vn,catID,2024-10-10 15:22:36
103.60.18.72,garena.vn,catID,2024-10-10 15:22:36
103.239.121.112,garena.vn,catID,2024-10-10 15:22:36
148.222.67.156,garena.vn,catID,2024-10-10 15:22:36
137.59.117.30,garena.vn,catID,2024-10-10 15:22:36
137.59.117.113,garena.vn,catID,2024-10-10 15:22:36
148.222.67.155,garena.vn,catID,2024-10-10 15:22:36
164.52.101.7,garena.vn,catID,2024-10-10 15:22:36
164.52.101.6,garena.vn,catID,2024-10-10 15:22:36
164.52.101.2,garena.vn,catID,2024-10-10 15:22:36
123.30.104.93,garena.vn,catID,2024-10-10 15:22:36
123.30.138.134,garena.vn,catID,2024-10-10 15:22:36
142.251.171.121,garena.vn,catID,2024-10-10 15:22:36
45.119.240.227,garena.vn,catID,2024-10-10 15:22:36
67.199.248.13,garena.vn,catID,2024-10-10 15:22:36
67.199.248.12,garena.vn,catID,2024-10-10 15:22:36
123.30.138.163,garena.vn,catID,2024-10-10 15:22:36
222.255.169.36,garena.vn,catID,2024-10-10 15:22:36
222.255.169.46,garena.vn,catID,2024-10-10 15:22:36
45.119.240.141,garena.vn,catID,2024-10-10 15:22:36
125.212.198.10,garena.vn,catID,2024-10-10 15:22:36
203.162.56.47,garena.vn,catID,2024-10-10 15:22:36
125.212.198.71,garena.vn,catID,2024-10-10 15:22:36
123.30.138.152,garena.vn,catID,2024-10-10 15:22:36
125.212.194.56,garena.vn,catID,2024-10-10 15:22:36
125.212.198.39,garena.vn,catID,2024-10-10 15:22:36
210.211.102.182,garena.vn,catID,2024-10-10 15:22:36
123.30.138.139,garena.vn,catID,2024-10-10 15:22:36
123.30.138.141,garena.vn,catID,2024-10-10 15:22:36
123.30.104.105,garena.vn,catID,2024-10-10 15:22:36
45.119.240.160,garena.vn,catID,2024-10-10 15:22:36
125.212.198.14,garena.vn,catID,2024-10-10 15:22:36
123.30.138.151,garena.vn,catID,2024-10-10 15:22:36
123.30.138.146,garena.vn,catID,2024-10-10 15:22:36
125.212.194.45,garena.vn,catID,2024-10-10 15:22:36
210.211.102.188,garena.vn,catID,2024-10-10 15:22:36
123.30.138.142,garena.vn,catID,2024-10-10 15:22:36
222.255.169.32,garena.vn,catID,2024-10-10 15:22:36
137.59.117.56,garena.vn,catID,2024-10-10 15:22:36
202.181.78.147,garena.vn,catID,2024-10-10 15:22:36
125.212.198.208,garena.vn,catID,2024-10-10 15:22:36
125.212.198.43,garena.vn,catID,2024-10-10 15:22:36
143.92.121.132,garena.vn,catID,2024-10-10 15:22:36
222.255.237.233,garena.vn,catID,2024-10-10 15:22:36
137.59.117.22,garena.vn,catID,2024-10-10 15:22:36
210.211.102.162,garena.vn,catID,2024-10-10 15:22:36
45.119.240.100,garena.vn,catID,2024-10-10 15:22:36
143.92.121.162,garena.vn,catID,2024-10-10 15:22:36
222.255.169.86,garena.vn,catID,2024-10-10 15:22:36
125.212.198.156,garena.vn,catID,2024-10-10 15:22:36
125.212.198.188,garena.vn,catID,2024-10-10 15:22:36
125.212.198.189,garena.vn,catID,2024-10-10 15:22:36
137.59.117.81,garena.vn,catID,2024-10-10 15:22:36
137.59.117.82,garena.vn,catID,2024-10-10 15:22:36
137.59.117.54,garena.vn,catID,2024-10-10 15:22:36
202.81.96.1,garena.vn,catID,2024-10-10 15:22:36
103.239.122.118,garena.vn,catID,2024-10-10 15:22:36
103.60.18.131,garena.vn,catID,2024-10-10 15:22:36
137.59.117.112,garena.vn,catID,2024-10-10 15:22:36
137.59.117.111,garena.vn,catID,2024-10-10 15:22:36
103.60.18.132,garena.vn,catID,2024-10-10 15:22:36
122.11.131.8,garena.vn,catID,2024-10-10 15:22:36
122.11.131.7,garena.vn,catID,2024-10-10 15:22:36
113.171.255.167,garena.vn,catID,2024-10-10 15:22:36
113.171.255.126,garena.vn,catID,2024-10-10 15:22:36
125.212.198.18,garena.vn,catID,2024-10-10 15:22:36
45.119.240.139,garena.vn,catID,2024-10-10 15:22:36
74.125.202.121,garena.vn,catID,2024-10-10 15:22:36
103.239.121.85,garena.vn,catID,2024-10-10 15:22:36
137.59.117.32,garena.vn,catID,2024-10-10 15:22:36
210.211.101.164,garena.vn,catID,2024-10-10 15:22:36
203.117.155.72,garena.vn,catID,2024-10-10 15:22:36
123.30.138.135,garena.vn,catID,2024-10-10 15:22:36
143.92.121.198,garena.vn,catID,2024-10-10 15:22:36
203.117.155.46,garena.vn,catID,2024-10-10 15:22:36
202.81.96.4,garena.vn,catID,2024-10-10 15:22:36
45.119.241.236,garena.vn,catID,2024-10-10 15:22:36
125.212.198.57,garena.vn,catID,2024-10-10 15:22:36
137.59.117.24,garena.vn,catID,2024-10-10 15:22:36
103.247.206.17,garena.vn,catID,2024-10-10 15:22:36
125.212.198.35,garena.vn,catID,2024-10-10 15:22:36
148.222.67.92,garena.vn,catID,2024-10-10 15:22:36
137.59.117.57,garena.vn,catID,2024-10-10 15:22:36
202.81.112.32,garena.vn,catID,2024-10-10 15:22:36
45.119.240.93,garena.vn,catID,2024-10-10 15:22:36
45.119.240.90,garena.vn,catID,2024-10-10 15:22:36
122.11.129.158,garena.vn,catID,2024-10-10 15:22:36
45.119.240.202,garena.vn,catID,2024-10-10 15:22:36
202.81.112.198,garena.vn,catID,2024-10-10 15:22:36
203.117.172.141,garena.vn,catID,2024-10-10 15:22:36
45.119.240.229,garena.vn,catID,2024-10-10 15:22:36
113.171.255.60,garena.vn,catID,2024-10-10 15:22:36
203.162.56.44,garena.vn,catID,2024-10-10 15:22:36
202.81.112.196,garena.vn,catID,2024-10-10 15:22:36
202.181.78.145,garena.vn,catID,2024-10-10 15:22:36
202.181.78.146,garena.vn,catID,2024-10-10 15:22:36
137.59.117.101,garena.vn,catID,2024-10-10 15:22:36
