128.116.45.4,roblox.com,catID,2024-10-10 15:22:48
128.116.116.3,roblox.com,catID,2024-10-10 15:22:48
128.116.51.4,roblox.com,catID,2024-10-10 15:22:48
128.116.32.4,roblox.com,catID,2024-10-10 15:22:48
128.116.99.8,roblox.com,catID,2024-10-10 15:22:48
128.116.50.4,roblox.com,catID,2024-10-10 15:22:48
128.116.102.3,roblox.com,catID,2024-10-10 15:22:48
128.116.99.4,roblox.com,catID,2024-10-10 15:22:48
128.116.114.4,roblox.com,catID,2024-10-10 15:22:48
10.2.255.58,roblox.com,catID,2024-10-10 15:22:48
10.2.255.62,roblox.com,catID,2024-10-10 15:22:48
10.2.255.55,roblox.com,catID,2024-10-10 15:22:48
10.2.255.56,roblox.com,catID,2024-10-10 15:22:48
10.2.255.57,roblox.com,catID,2024-10-10 15:22:48
10.2.255.59,roblox.com,catID,2024-10-10 15:22:48
10.2.255.61,roblox.com,catID,2024-10-10 15:22:48
10.2.255.60,roblox.com,catID,2024-10-10 15:22:48
128.116.124.4,roblox.com,catID,2024-10-10 15:22:48
128.116.95.4,roblox.com,catID,2024-10-10 15:22:48
128.116.122.4,roblox.com,catID,2024-10-10 15:22:48
128.116.123.8,roblox.com,catID,2024-10-10 15:22:48
96.7.168.215,roblox.com,catID,2024-10-10 15:22:48
128.116.118.2,roblox.com,catID,2024-10-10 15:22:48
128.116.116.4,roblox.com,catID,2024-10-10 15:22:48
128.116.44.8,roblox.com,catID,2024-10-10 15:22:48
65.8.49.123,roblox.com,catID,2024-10-10 15:22:48
65.8.49.50,roblox.com,catID,2024-10-10 15:22:48
65.8.49.77,roblox.com,catID,2024-10-10 15:22:48
65.8.49.66,roblox.com,catID,2024-10-10 15:22:48
128.116.103.4,roblox.com,catID,2024-10-10 15:22:48
128.116.127.8,roblox.com,catID,2024-10-10 15:22:48
128.116.123.4,roblox.com,catID,2024-10-10 15:22:48
128.116.99.3,roblox.com,catID,2024-10-10 15:22:48
128.116.101.3,roblox.com,catID,2024-10-10 15:22:48
128.116.44.3,roblox.com,catID,2024-10-10 15:22:48
10.130.240.12,roblox.com,catID,2024-10-10 15:22:48
128.116.97.4,roblox.com,catID,2024-10-10 15:22:48
128.116.63.3,roblox.com,catID,2024-10-10 15:22:48
10.2.255.50,roblox.com,catID,2024-10-10 15:22:48
10.2.255.51,roblox.com,catID,2024-10-10 15:22:48
10.2.255.52,roblox.com,catID,2024-10-10 15:22:48
10.2.255.53,roblox.com,catID,2024-10-10 15:22:48
10.2.255.54,roblox.com,catID,2024-10-10 15:22:48
128.116.21.3,roblox.com,catID,2024-10-10 15:22:48
128.116.88.162,roblox.com,catID,2024-10-10 15:22:48
128.116.127.3,roblox.com,catID,2024-10-10 15:22:48
128.116.104.4,roblox.com,catID,2024-10-10 15:22:48
128.116.119.3,roblox.com,catID,2024-10-10 15:22:48
128.116.123.3,roblox.com,catID,2024-10-10 15:22:48
128.116.21.4,roblox.com,catID,2024-10-10 15:22:48
128.116.115.3,roblox.com,catID,2024-10-10 15:22:48
128.116.127.4,roblox.com,catID,2024-10-10 15:22:48
128.116.102.4,roblox.com,catID,2024-10-10 15:22:48
128.116.120.3,roblox.com,catID,2024-10-10 15:22:48
10.128.240.190,roblox.com,catID,2024-10-10 15:22:48
128.116.32.3,roblox.com,catID,2024-10-10 15:22:48
10.16.255.214,roblox.com,catID,2024-10-10 15:22:48
10.16.255.213,roblox.com,catID,2024-10-10 15:22:48
10.16.255.211,roblox.com,catID,2024-10-10 15:22:48
10.16.255.218,roblox.com,catID,2024-10-10 15:22:48
10.16.255.216,roblox.com,catID,2024-10-10 15:22:48
10.16.255.215,roblox.com,catID,2024-10-10 15:22:48
10.16.255.212,roblox.com,catID,2024-10-10 15:22:48
10.16.255.217,roblox.com,catID,2024-10-10 15:22:48
10.2.255.92,roblox.com,catID,2024-10-10 15:22:48
10.2.255.89,roblox.com,catID,2024-10-10 15:22:48
10.2.255.95,roblox.com,catID,2024-10-10 15:22:48
10.2.255.93,roblox.com,catID,2024-10-10 15:22:48
10.2.255.90,roblox.com,catID,2024-10-10 15:22:48
10.2.255.94,roblox.com,catID,2024-10-10 15:22:48
10.2.255.96,roblox.com,catID,2024-10-10 15:22:48
10.2.255.91,roblox.com,catID,2024-10-10 15:22:48
128.116.127.9,roblox.com,catID,2024-10-10 15:22:48
128.116.101.9,roblox.com,catID,2024-10-10 15:22:48
128.116.99.9,roblox.com,catID,2024-10-10 15:22:48
128.116.115.9,roblox.com,catID,2024-10-10 15:22:48
10.2.255.75,roblox.com,catID,2024-10-10 15:22:48
10.130.240.15,roblox.com,catID,2024-10-10 15:22:48
185.3.93.228,roblox.com,catID,2024-10-10 15:22:48
170.187.131.209,roblox.com,catID,2024-10-10 15:22:48
10.130.240.11,roblox.com,catID,2024-10-10 15:22:48
10.16.255.63,roblox.com,catID,2024-10-10 15:22:48
10.16.255.66,roblox.com,catID,2024-10-10 15:22:48
10.16.255.65,roblox.com,catID,2024-10-10 15:22:48
10.16.255.70,roblox.com,catID,2024-10-10 15:22:48
10.16.255.64,roblox.com,catID,2024-10-10 15:22:48
10.16.255.67,roblox.com,catID,2024-10-10 15:22:48
10.16.255.69,roblox.com,catID,2024-10-10 15:22:48
10.16.255.68,roblox.com,catID,2024-10-10 15:22:48
128.116.116.2,roblox.com,catID,2024-10-10 15:22:48
128.116.120.4,roblox.com,catID,2024-10-10 15:22:48
10.2.255.76,roblox.com,catID,2024-10-10 15:22:48
128.116.116.9,roblox.com,catID,2024-10-10 15:22:48
10.16.255.53,roblox.com,catID,2024-10-10 15:22:48
10.16.255.51,roblox.com,catID,2024-10-10 15:22:48
10.16.255.52,roblox.com,catID,2024-10-10 15:22:48
10.16.255.49,roblox.com,catID,2024-10-10 15:22:48
10.16.255.50,roblox.com,catID,2024-10-10 15:22:48
10.16.255.48,roblox.com,catID,2024-10-10 15:22:48
10.16.255.47,roblox.com,catID,2024-10-10 15:22:48
10.22.240.44,roblox.com,catID,2024-10-10 15:22:48
128.116.126.9,roblox.com,catID,2024-10-10 15:22:48
104.99.50.155,roblox.com,catID,2024-10-10 15:22:48
23.202.56.193,roblox.com,catID,2024-10-10 15:22:48
128.116.102.9,roblox.com,catID,2024-10-10 15:22:48
128.116.126.4,roblox.com,catID,2024-10-10 15:22:48
128.116.119.4,roblox.com,catID,2024-10-10 15:22:48
128.116.121.4,roblox.com,catID,2024-10-10 15:22:48
23.37.17.18,roblox.com,catID,2024-10-10 15:22:48
10.130.240.20,roblox.com,catID,2024-10-10 15:22:48
128.116.125.4,roblox.com,catID,2024-10-10 15:22:48
18.211.39.165,roblox.com,catID,2024-10-10 15:22:48
50.17.226.30,roblox.com,catID,2024-10-10 15:22:48
44.213.192.128,roblox.com,catID,2024-10-10 15:22:48
10.2.255.72,roblox.com,catID,2024-10-10 15:22:48
128.116.101.4,roblox.com,catID,2024-10-10 15:22:48
18.160.143.45,roblox.com,catID,2024-10-10 15:22:48
18.160.143.50,roblox.com,catID,2024-10-10 15:22:48
18.160.143.116,roblox.com,catID,2024-10-10 15:22:48
18.160.143.63,roblox.com,catID,2024-10-10 15:22:48
10.2.255.49,roblox.com,catID,2024-10-10 15:22:48
10.130.240.22,roblox.com,catID,2024-10-10 15:22:48
52.84.52.114,roblox.com,catID,2024-10-10 15:22:48
52.84.52.117,roblox.com,catID,2024-10-10 15:22:48
52.84.52.67,roblox.com,catID,2024-10-10 15:22:48
52.84.52.107,roblox.com,catID,2024-10-10 15:22:48
208.185.173.33,roblox.com,catID,2024-10-10 15:22:48
10.2.255.216,roblox.com,catID,2024-10-10 15:22:48
128.116.95.3,roblox.com,catID,2024-10-10 15:22:48
10.130.240.21,roblox.com,catID,2024-10-10 15:22:48
128.116.100.4,roblox.com,catID,2024-10-10 15:22:48
167.89.118.83,roblox.com,catID,2024-10-10 15:22:48
167.89.115.56,roblox.com,catID,2024-10-10 15:22:48
167.89.115.120,roblox.com,catID,2024-10-10 15:22:48
167.89.118.52,roblox.com,catID,2024-10-10 15:22:48
10.130.240.19,roblox.com,catID,2024-10-10 15:22:48
128.116.45.3,roblox.com,catID,2024-10-10 15:22:48
100.20.191.133,roblox.com,catID,2024-10-10 15:22:48
216.200.230.122,roblox.com,catID,2024-10-10 15:22:48
3.167.183.56,roblox.com,catID,2024-10-10 15:22:48
3.167.183.46,roblox.com,catID,2024-10-10 15:22:48
3.167.183.17,roblox.com,catID,2024-10-10 15:22:48
3.167.183.11,roblox.com,catID,2024-10-10 15:22:48
52.216.236.77,roblox.com,catID,2024-10-10 15:22:48
54.231.131.192,roblox.com,catID,2024-10-10 15:22:48
52.217.8.230,roblox.com,catID,2024-10-10 15:22:48
52.216.210.96,roblox.com,catID,2024-10-10 15:22:48
52.217.70.206,roblox.com,catID,2024-10-10 15:22:48
52.217.74.134,roblox.com,catID,2024-10-10 15:22:48
52.216.212.88,roblox.com,catID,2024-10-10 15:22:48
52.217.191.40,roblox.com,catID,2024-10-10 15:22:48
128.116.115.4,roblox.com,catID,2024-10-10 15:22:48
128.116.112.102,roblox.com,catID,2024-10-10 15:22:48
128.116.101.8,roblox.com,catID,2024-10-10 15:22:48
128.116.126.8,roblox.com,catID,2024-10-10 15:22:48
128.116.102.8,roblox.com,catID,2024-10-10 15:22:48
10.136.240.44,roblox.com,catID,2024-10-10 15:22:48
10.136.240.43,roblox.com,catID,2024-10-10 15:22:48
128.116.50.3,roblox.com,catID,2024-10-10 15:22:48
208.185.173.12,roblox.com,catID,2024-10-10 15:22:48
52.84.83.118,roblox.com,catID,2024-10-10 15:22:48
52.84.83.50,roblox.com,catID,2024-10-10 15:22:48
52.84.83.92,roblox.com,catID,2024-10-10 15:22:48
52.84.83.68,roblox.com,catID,2024-10-10 15:22:48
13.226.22.18,roblox.com,catID,2024-10-10 15:22:48
13.226.22.125,roblox.com,catID,2024-10-10 15:22:48
13.226.22.129,roblox.com,catID,2024-10-10 15:22:48
13.226.22.74,roblox.com,catID,2024-10-10 15:22:48
18.64.183.44,roblox.com,catID,2024-10-10 15:22:48
18.64.183.26,roblox.com,catID,2024-10-10 15:22:48
18.64.183.4,roblox.com,catID,2024-10-10 15:22:48
18.64.183.51,roblox.com,catID,2024-10-10 15:22:48
108.156.120.51,roblox.com,catID,2024-10-10 15:22:48
108.156.120.19,roblox.com,catID,2024-10-10 15:22:48
108.156.120.120,roblox.com,catID,2024-10-10 15:22:48
108.156.120.63,roblox.com,catID,2024-10-10 15:22:48
10.2.255.212,roblox.com,catID,2024-10-10 15:22:48
10.130.240.16,roblox.com,catID,2024-10-10 15:22:48
52.217.87.126,roblox.com,catID,2024-10-10 15:22:48
128.116.51.3,roblox.com,catID,2024-10-10 15:22:48
3.167.183.81,roblox.com,catID,2024-10-10 15:22:48
3.167.183.2,roblox.com,catID,2024-10-10 15:22:48
3.167.183.9,roblox.com,catID,2024-10-10 15:22:48
3.167.183.97,roblox.com,catID,2024-10-10 15:22:48
162.159.138.6,roblox.com,catID,2024-10-10 15:22:48
162.159.128.7,roblox.com,catID,2024-10-10 15:22:48
3.167.163.37,roblox.com,catID,2024-10-10 15:22:48
3.167.163.54,roblox.com,catID,2024-10-10 15:22:48
3.167.163.29,roblox.com,catID,2024-10-10 15:22:48
3.167.163.42,roblox.com,catID,2024-10-10 15:22:48
128.116.104.3,roblox.com,catID,2024-10-10 15:22:48
128.116.112.75,roblox.com,catID,2024-10-10 15:22:48
128.116.10.6,roblox.com,catID,2024-10-10 15:22:48
128.116.114.3,roblox.com,catID,2024-10-10 15:22:48
52.216.59.176,roblox.com,catID,2024-10-10 15:22:48
52.217.114.24,roblox.com,catID,2024-10-10 15:22:48
52.216.208.232,roblox.com,catID,2024-10-10 15:22:48
52.217.95.144,roblox.com,catID,2024-10-10 15:22:48
54.231.163.128,roblox.com,catID,2024-10-10 15:22:48
52.217.65.78,roblox.com,catID,2024-10-10 15:22:48
52.216.36.72,roblox.com,catID,2024-10-10 15:22:48
52.216.89.13,roblox.com,catID,2024-10-10 15:22:48
128.116.117.3,roblox.com,catID,2024-10-10 15:22:48
128.116.100.3,roblox.com,catID,2024-10-10 15:22:48
16.182.98.0,roblox.com,catID,2024-10-10 15:22:48
16.182.101.80,roblox.com,catID,2024-10-10 15:22:48
52.217.233.80,roblox.com,catID,2024-10-10 15:22:48
52.217.33.38,roblox.com,catID,2024-10-10 15:22:48
52.216.52.200,roblox.com,catID,2024-10-10 15:22:48
16.182.64.128,roblox.com,catID,2024-10-10 15:22:48
52.217.102.214,roblox.com,catID,2024-10-10 15:22:48
128.116.126.3,roblox.com,catID,2024-10-10 15:22:48
52.216.213.208,roblox.com,catID,2024-10-10 15:22:48
52.216.9.229,roblox.com,catID,2024-10-10 15:22:48
54.231.129.64,roblox.com,catID,2024-10-10 15:22:48
52.217.229.56,roblox.com,catID,2024-10-10 15:22:48
52.216.48.136,roblox.com,catID,2024-10-10 15:22:48
54.231.172.112,roblox.com,catID,2024-10-10 15:22:48
52.216.56.112,roblox.com,catID,2024-10-10 15:22:48
52.217.114.152,roblox.com,catID,2024-10-10 15:22:48
192.161.154.1,roblox.com,catID,2024-10-10 15:22:48
52.217.99.150,roblox.com,catID,2024-10-10 15:22:48
162.159.130.11,roblox.com,catID,2024-10-10 15:22:48
162.159.129.11,roblox.com,catID,2024-10-10 15:22:48
8.42.96.20,roblox.com,catID,2024-10-10 15:22:48
13.58.194.153,roblox.com,catID,2024-10-10 15:22:48
18.118.222.135,roblox.com,catID,2024-10-10 15:22:48
3.20.95.250,roblox.com,catID,2024-10-10 15:22:48
128.116.117.4,roblox.com,catID,2024-10-10 15:22:48
13.59.121.55,roblox.com,catID,2024-10-10 15:22:48
3.130.29.43,roblox.com,catID,2024-10-10 15:22:48
3.137.107.226,roblox.com,catID,2024-10-10 15:22:48
23.62.176.208,roblox.com,catID,2024-10-10 15:22:48
18.245.143.127,roblox.com,catID,2024-10-10 15:22:48
18.245.143.46,roblox.com,catID,2024-10-10 15:22:48
18.245.143.108,roblox.com,catID,2024-10-10 15:22:48
18.245.143.21,roblox.com,catID,2024-10-10 15:22:48
52.217.67.14,roblox.com,catID,2024-10-10 15:22:48
3.20.245.24,roblox.com,catID,2024-10-10 15:22:48
3.23.38.222,roblox.com,catID,2024-10-10 15:22:48
3.14.212.94,roblox.com,catID,2024-10-10 15:22:48
142.251.184.121,roblox.com,catID,2024-10-10 15:22:48
3.162.174.14,roblox.com,catID,2024-10-10 15:22:48
3.162.174.39,roblox.com,catID,2024-10-10 15:22:48
3.162.174.84,roblox.com,catID,2024-10-10 15:22:48
3.162.174.45,roblox.com,catID,2024-10-10 15:22:48
3.168.40.21,roblox.com,catID,2024-10-10 15:22:48
3.168.40.94,roblox.com,catID,2024-10-10 15:22:48
3.168.40.116,roblox.com,catID,2024-10-10 15:22:48
3.168.40.29,roblox.com,catID,2024-10-10 15:22:48
18.220.222.223,roblox.com,catID,2024-10-10 15:22:48
18.216.19.195,roblox.com,catID,2024-10-10 15:22:48
3.19.96.255,roblox.com,catID,2024-10-10 15:22:48
108.158.41.113,roblox.com,catID,2024-10-10 15:22:48
108.158.41.224,roblox.com,catID,2024-10-10 15:22:48
108.158.41.212,roblox.com,catID,2024-10-10 15:22:48
108.158.41.196,roblox.com,catID,2024-10-10 15:22:48
3.23.122.93,roblox.com,catID,2024-10-10 15:22:48
3.20.245.248,roblox.com,catID,2024-10-10 15:22:48
3.130.105.53,roblox.com,catID,2024-10-10 15:22:48
52.217.106.190,roblox.com,catID,2024-10-10 15:22:48
128.116.124.3,roblox.com,catID,2024-10-10 15:22:48
13.225.141.86,roblox.com,catID,2024-10-10 15:22:48
13.225.141.155,roblox.com,catID,2024-10-10 15:22:48
13.225.141.92,roblox.com,catID,2024-10-10 15:22:48
13.225.141.186,roblox.com,catID,2024-10-10 15:22:48
8.42.96.22,roblox.com,catID,2024-10-10 15:22:48
8.42.96.116,roblox.com,catID,2024-10-10 15:22:48
16.182.35.136,roblox.com,catID,2024-10-10 15:22:48
52.216.211.232,roblox.com,catID,2024-10-10 15:22:48
54.231.161.32,roblox.com,catID,2024-10-10 15:22:48
52.216.210.120,roblox.com,catID,2024-10-10 15:22:48
52.217.4.46,roblox.com,catID,2024-10-10 15:22:48
52.217.142.48,roblox.com,catID,2024-10-10 15:22:48
52.216.53.216,roblox.com,catID,2024-10-10 15:22:48
52.216.168.109,roblox.com,catID,2024-10-10 15:22:48
18.244.183.114,roblox.com,catID,2024-10-10 15:22:48
18.244.183.84,roblox.com,catID,2024-10-10 15:22:48
18.244.183.78,roblox.com,catID,2024-10-10 15:22:48
18.244.183.76,roblox.com,catID,2024-10-10 15:22:48
13.224.227.195,roblox.com,catID,2024-10-10 15:22:48
13.224.227.172,roblox.com,catID,2024-10-10 15:22:48
13.224.227.179,roblox.com,catID,2024-10-10 15:22:48
13.224.227.208,roblox.com,catID,2024-10-10 15:22:48
208.185.173.32,roblox.com,catID,2024-10-10 15:22:48
128.116.112.160,roblox.com,catID,2024-10-10 15:22:48
8.42.96.53,roblox.com,catID,2024-10-10 15:22:48
23.39.220.152,roblox.com,catID,2024-10-10 15:22:48
23.39.220.150,roblox.com,catID,2024-10-10 15:22:48
3.131.116.204,roblox.com,catID,2024-10-10 15:22:48
3.143.93.86,roblox.com,catID,2024-10-10 15:22:48
18.216.114.28,roblox.com,catID,2024-10-10 15:22:48
108.158.168.196,roblox.com,catID,2024-10-10 15:22:48
108.158.168.13,roblox.com,catID,2024-10-10 15:22:48
108.158.168.193,roblox.com,catID,2024-10-10 15:22:48
108.158.168.222,roblox.com,catID,2024-10-10 15:22:48
3.18.120.125,roblox.com,catID,2024-10-10 15:22:48
3.130.106.184,roblox.com,catID,2024-10-10 15:22:48
18.191.6.122,roblox.com,catID,2024-10-10 15:22:48
13.227.115.218,roblox.com,catID,2024-10-10 15:22:48
13.227.115.178,roblox.com,catID,2024-10-10 15:22:48
13.227.115.78,roblox.com,catID,2024-10-10 15:22:48
13.227.115.10,roblox.com,catID,2024-10-10 15:22:48
13.226.210.210,roblox.com,catID,2024-10-10 15:22:48
13.226.210.164,roblox.com,catID,2024-10-10 15:22:48
13.226.210.204,roblox.com,catID,2024-10-10 15:22:48
13.226.210.228,roblox.com,catID,2024-10-10 15:22:48
52.217.195.224,roblox.com,catID,2024-10-10 15:22:48
16.182.103.176,roblox.com,catID,2024-10-10 15:22:48
16.182.70.248,roblox.com,catID,2024-10-10 15:22:48
52.217.18.54,roblox.com,catID,2024-10-10 15:22:48
54.231.129.160,roblox.com,catID,2024-10-10 15:22:48
52.217.135.208,roblox.com,catID,2024-10-10 15:22:48
52.217.122.88,roblox.com,catID,2024-10-10 15:22:48
52.217.174.88,roblox.com,catID,2024-10-10 15:22:48
13.249.138.52,roblox.com,catID,2024-10-10 15:22:48
13.249.138.207,roblox.com,catID,2024-10-10 15:22:48
13.249.138.161,roblox.com,catID,2024-10-10 15:22:48
13.249.138.116,roblox.com,catID,2024-10-10 15:22:48
54.231.161.168,roblox.com,catID,2024-10-10 15:22:48
54.231.229.112,roblox.com,catID,2024-10-10 15:22:48
16.182.39.104,roblox.com,catID,2024-10-10 15:22:48
52.217.163.248,roblox.com,catID,2024-10-10 15:22:48
52.217.73.6,roblox.com,catID,2024-10-10 15:22:48
54.231.169.184,roblox.com,catID,2024-10-10 15:22:48
54.231.169.80,roblox.com,catID,2024-10-10 15:22:48
52.216.58.88,roblox.com,catID,2024-10-10 15:22:48
104.80.103.77,roblox.com,catID,2024-10-10 15:22:48
108.158.41.207,roblox.com,catID,2024-10-10 15:22:48
108.158.41.199,roblox.com,catID,2024-10-10 15:22:48
108.158.41.27,roblox.com,catID,2024-10-10 15:22:48
108.158.41.177,roblox.com,catID,2024-10-10 15:22:48
128.116.121.3,roblox.com,catID,2024-10-10 15:22:48
13.226.210.56,roblox.com,catID,2024-10-10 15:22:48
13.226.210.217,roblox.com,catID,2024-10-10 15:22:48
13.226.210.41,roblox.com,catID,2024-10-10 15:22:48
13.226.210.153,roblox.com,catID,2024-10-10 15:22:48
128.116.97.3,roblox.com,catID,2024-10-10 15:22:48
16.182.74.248,roblox.com,catID,2024-10-10 15:22:48
52.217.70.46,roblox.com,catID,2024-10-10 15:22:48
54.231.192.160,roblox.com,catID,2024-10-10 15:22:48
52.217.194.56,roblox.com,catID,2024-10-10 15:22:48
52.216.54.208,roblox.com,catID,2024-10-10 15:22:48
52.217.84.142,roblox.com,catID,2024-10-10 15:22:48
16.182.33.24,roblox.com,catID,2024-10-10 15:22:48
52.217.45.110,roblox.com,catID,2024-10-10 15:22:48
128.116.113.230,roblox.com,catID,2024-10-10 15:22:48
54.231.166.40,roblox.com,catID,2024-10-10 15:22:48
16.182.107.232,roblox.com,catID,2024-10-10 15:22:48
52.217.200.112,roblox.com,catID,2024-10-10 15:22:48
52.216.134.93,roblox.com,catID,2024-10-10 15:22:48
52.217.229.232,roblox.com,catID,2024-10-10 15:22:48
52.217.201.48,roblox.com,catID,2024-10-10 15:22:48
54.231.130.96,roblox.com,catID,2024-10-10 15:22:48
52.217.97.14,roblox.com,catID,2024-10-10 15:22:48
208.185.173.211,roblox.com,catID,2024-10-10 15:22:48
13.249.12.141,roblox.com,catID,2024-10-10 15:22:48
13.249.12.143,roblox.com,catID,2024-10-10 15:22:48
13.249.12.40,roblox.com,catID,2024-10-10 15:22:48
13.249.12.58,roblox.com,catID,2024-10-10 15:22:48
18.154.207.57,roblox.com,catID,2024-10-10 15:22:48
18.154.207.179,roblox.com,catID,2024-10-10 15:22:48
18.154.207.47,roblox.com,catID,2024-10-10 15:22:48
18.154.207.41,roblox.com,catID,2024-10-10 15:22:48
96.16.68.245,roblox.com,catID,2024-10-10 15:22:48
128.116.125.3,roblox.com,catID,2024-10-10 15:22:48
99.84.160.114,roblox.com,catID,2024-10-10 15:22:48
99.84.160.8,roblox.com,catID,2024-10-10 15:22:48
99.84.160.55,roblox.com,catID,2024-10-10 15:22:48
99.84.160.88,roblox.com,catID,2024-10-10 15:22:48
3.135.176.159,roblox.com,catID,2024-10-10 15:22:48
18.218.177.246,roblox.com,catID,2024-10-10 15:22:48
3.140.23.27,roblox.com,catID,2024-10-10 15:22:48
128.116.112.44,roblox.com,catID,2024-10-10 15:22:48
209.206.41.228,roblox.com,catID,2024-10-10 15:22:48
3.130.141.20,roblox.com,catID,2024-10-10 15:22:48
3.18.250.186,roblox.com,catID,2024-10-10 15:22:48
3.19.172.137,roblox.com,catID,2024-10-10 15:22:48
23.45.136.248,roblox.com,catID,2024-10-10 15:22:48
52.217.230.112,roblox.com,catID,2024-10-10 15:22:48
52.216.217.56,roblox.com,catID,2024-10-10 15:22:48
52.217.227.72,roblox.com,catID,2024-10-10 15:22:48
52.217.120.200,roblox.com,catID,2024-10-10 15:22:48
54.231.225.160,roblox.com,catID,2024-10-10 15:22:48
3.5.30.130,roblox.com,catID,2024-10-10 15:22:48
3.5.30.107,roblox.com,catID,2024-10-10 15:22:48
52.216.52.80,roblox.com,catID,2024-10-10 15:22:48
52.217.168.88,roblox.com,catID,2024-10-10 15:22:48
54.231.137.152,roblox.com,catID,2024-10-10 15:22:48
16.182.96.16,roblox.com,catID,2024-10-10 15:22:48
52.217.165.120,roblox.com,catID,2024-10-10 15:22:48
16.182.35.56,roblox.com,catID,2024-10-10 15:22:48
52.217.195.88,roblox.com,catID,2024-10-10 15:22:48
16.182.36.112,roblox.com,catID,2024-10-10 15:22:48
52.216.152.6,roblox.com,catID,2024-10-10 15:22:48
23.45.46.200,roblox.com,catID,2024-10-10 15:22:48
23.45.46.201,roblox.com,catID,2024-10-10 15:22:48
3.12.87.125,roblox.com,catID,2024-10-10 15:22:48
18.188.61.60,roblox.com,catID,2024-10-10 15:22:48
3.143.191.48,roblox.com,catID,2024-10-10 15:22:48
3.15.60.50,roblox.com,catID,2024-10-10 15:22:48
3.23.180.201,roblox.com,catID,2024-10-10 15:22:48
3.140.117.12,roblox.com,catID,2024-10-10 15:22:48
13.32.164.33,roblox.com,catID,2024-10-10 15:22:48
13.32.164.103,roblox.com,catID,2024-10-10 15:22:48
13.32.164.9,roblox.com,catID,2024-10-10 15:22:48
13.32.164.119,roblox.com,catID,2024-10-10 15:22:48
23.54.182.65,roblox.com,catID,2024-10-10 15:22:48
52.216.49.96,roblox.com,catID,2024-10-10 15:22:48
52.216.101.253,roblox.com,catID,2024-10-10 15:22:48
52.217.228.32,roblox.com,catID,2024-10-10 15:22:48
52.217.43.166,roblox.com,catID,2024-10-10 15:22:48
52.216.179.221,roblox.com,catID,2024-10-10 15:22:48
52.216.17.163,roblox.com,catID,2024-10-10 15:22:48
52.216.94.5,roblox.com,catID,2024-10-10 15:22:48
54.231.233.248,roblox.com,catID,2024-10-10 15:22:48
3.5.24.156,roblox.com,catID,2024-10-10 15:22:48
52.217.175.80,roblox.com,catID,2024-10-10 15:22:48
52.217.91.150,roblox.com,catID,2024-10-10 15:22:48
52.217.195.24,roblox.com,catID,2024-10-10 15:22:48
54.231.140.104,roblox.com,catID,2024-10-10 15:22:48
52.217.134.240,roblox.com,catID,2024-10-10 15:22:48
52.217.169.40,roblox.com,catID,2024-10-10 15:22:48
52.216.56.184,roblox.com,catID,2024-10-10 15:22:48
54.231.192.80,roblox.com,catID,2024-10-10 15:22:48
54.231.135.192,roblox.com,catID,2024-10-10 15:22:48
52.217.137.160,roblox.com,catID,2024-10-10 15:22:48
52.217.160.120,roblox.com,catID,2024-10-10 15:22:48
54.231.136.240,roblox.com,catID,2024-10-10 15:22:48
52.217.172.120,roblox.com,catID,2024-10-10 15:22:48
52.217.227.56,roblox.com,catID,2024-10-10 15:22:48
52.216.27.94,roblox.com,catID,2024-10-10 15:22:48
128.116.112.39,roblox.com,catID,2024-10-10 15:22:48
209.206.41.74,roblox.com,catID,2024-10-10 15:22:48
209.206.41.133,roblox.com,catID,2024-10-10 15:22:48
10.120.35.75,roblox.com,catID,2024-10-10 15:22:48
128.116.122.3,roblox.com,catID,2024-10-10 15:22:48
128.116.63.4,roblox.com,catID,2024-10-10 15:22:48
34.246.127.31,roblox.com,catID,2024-10-10 15:22:48
99.80.227.4,roblox.com,catID,2024-10-10 15:22:48
52.209.121.193,roblox.com,catID,2024-10-10 15:22:48
3.162.163.103,roblox.com,catID,2024-10-10 15:22:48
3.162.163.35,roblox.com,catID,2024-10-10 15:22:48
3.162.163.34,roblox.com,catID,2024-10-10 15:22:48
3.162.163.121,roblox.com,catID,2024-10-10 15:22:48
128.116.112.237,roblox.com,catID,2024-10-10 15:22:48
52.217.93.158,roblox.com,catID,2024-10-10 15:22:48
184.84.168.207,roblox.com,catID,2024-10-10 15:22:48
52.216.217.152,roblox.com,catID,2024-10-10 15:22:48
16.182.101.240,roblox.com,catID,2024-10-10 15:22:48
52.217.165.152,roblox.com,catID,2024-10-10 15:22:48
52.217.133.184,roblox.com,catID,2024-10-10 15:22:48
16.182.104.88,roblox.com,catID,2024-10-10 15:22:48
52.217.199.8,roblox.com,catID,2024-10-10 15:22:48
52.217.196.8,roblox.com,catID,2024-10-10 15:22:48
52.217.202.56,roblox.com,catID,2024-10-10 15:22:48
128.116.118.3,roblox.com,catID,2024-10-10 15:22:48
52.217.203.32,roblox.com,catID,2024-10-10 15:22:48
52.217.229.208,roblox.com,catID,2024-10-10 15:22:48
16.182.70.88,roblox.com,catID,2024-10-10 15:22:48
52.217.174.24,roblox.com,catID,2024-10-10 15:22:48
54.231.171.200,roblox.com,catID,2024-10-10 15:22:48
16.182.34.8,roblox.com,catID,2024-10-10 15:22:48
3.5.13.135,roblox.com,catID,2024-10-10 15:22:48
54.231.171.216,roblox.com,catID,2024-10-10 15:22:48
108.156.120.69,roblox.com,catID,2024-10-10 15:22:48
108.156.120.5,roblox.com,catID,2024-10-10 15:22:48
108.156.120.77,roblox.com,catID,2024-10-10 15:22:48
108.156.120.45,roblox.com,catID,2024-10-10 15:22:48
52.216.94.253,roblox.com,catID,2024-10-10 15:22:48
52.216.29.110,roblox.com,catID,2024-10-10 15:22:48
52.217.115.96,roblox.com,catID,2024-10-10 15:22:48
3.5.12.42,roblox.com,catID,2024-10-10 15:22:48
52.216.212.0,roblox.com,catID,2024-10-10 15:22:48
54.231.192.152,roblox.com,catID,2024-10-10 15:22:48
52.216.168.5,roblox.com,catID,2024-10-10 15:22:48
52.217.73.150,roblox.com,catID,2024-10-10 15:22:48
