210.211.105.33,24h.com.vn,catID,2024-10-10 15:25:13
125.212.247.209,24h.com.vn,catID,2024-10-10 15:25:13
103.174.217.33,24h.com.vn,catID,2024-10-10 15:25:13
103.174.217.30,24h.com.vn,catID,2024-10-10 15:25:13
203.113.172.209,24h.com.vn,catID,2024-10-10 15:25:13
125.212.247.143,24h.com.vn,catID,2024-10-10 15:25:13
103.174.217.23,24h.com.vn,catID,2024-10-10 15:25:13
125.212.247.56,24h.com.vn,catID,2024-10-10 15:25:13
125.212.247.57,24h.com.vn,catID,2024-10-10 15:25:13
125.212.247.111,24h.com.vn,catID,2024-10-10 15:25:13
203.162.76.49,24h.com.vn,catID,2024-10-10 15:25:13
27.0.14.78,24h.com.vn,catID,2024-10-10 15:25:13
210.245.126.35,24h.com.vn,catID,2024-10-10 15:25:13
125.212.247.43,24h.com.vn,catID,2024-10-10 15:25:13
118.69.194.68,24h.com.vn,catID,2024-10-10 15:25:13
45.93.83.110,24h.com.vn,catID,2024-10-10 15:25:13
125.212.247.44,24h.com.vn,catID,2024-10-10 15:25:13
125.212.247.208,24h.com.vn,catID,2024-10-10 15:25:13
125.212.247.162,24h.com.vn,catID,2024-10-10 15:25:13
210.211.105.55,24h.com.vn,catID,2024-10-10 15:25:13
203.162.59.2,24h.com.vn,catID,2024-10-10 15:25:13
125.212.247.245,24h.com.vn,catID,2024-10-10 15:25:13
125.212.247.82,24h.com.vn,catID,2024-10-10 15:25:13
125.212.247.52,24h.com.vn,catID,2024-10-10 15:25:13
203.162.163.55,24h.com.vn,catID,2024-10-10 15:25:13
125.212.247.164,24h.com.vn,catID,2024-10-10 15:25:13
203.113.172.210,24h.com.vn,catID,2024-10-10 15:25:13
103.90.222.10,24h.com.vn,catID,2024-10-10 15:25:13
103.161.22.134,24h.com.vn,catID,2024-10-10 15:25:13
125.212.247.62,24h.com.vn,catID,2024-10-10 15:25:13
203.162.163.51,24h.com.vn,catID,2024-10-10 15:25:13
125.212.247.105,24h.com.vn,catID,2024-10-10 15:25:13
125.212.233.120,24h.com.vn,catID,2024-10-10 15:25:13
125.212.196.161,24h.com.vn,catID,2024-10-10 15:25:13
125.212.233.170,24h.com.vn,catID,2024-10-10 15:25:13
118.69.174.90,24h.com.vn,catID,2024-10-10 15:25:13
103.174.217.11,24h.com.vn,catID,2024-10-10 15:25:13
125.212.247.187,24h.com.vn,catID,2024-10-10 15:25:13
125.212.247.72,24h.com.vn,catID,2024-10-10 15:25:13
210.245.126.37,24h.com.vn,catID,2024-10-10 15:25:13
203.113.172.212,24h.com.vn,catID,2024-10-10 15:25:13
64.185.232.226,24h.com.vn,catID,2024-10-10 15:25:13
64.185.234.122,24h.com.vn,catID,2024-10-10 15:25:13
125.212.247.230,24h.com.vn,catID,2024-10-10 15:25:13
125.212.247.141,24h.com.vn,catID,2024-10-10 15:25:13
103.151.240.3,24h.com.vn,catID,2024-10-10 15:25:13
103.151.240.2,24h.com.vn,catID,2024-10-10 15:25:13
125.212.247.58,24h.com.vn,catID,2024-10-10 15:25:13
125.212.247.110,24h.com.vn,catID,2024-10-10 15:25:13
210.245.126.34,24h.com.vn,catID,2024-10-10 15:25:13
27.126.192.213,24h.com.vn,catID,2024-10-10 15:25:13
185.81.209.130,24h.com.vn,catID,2024-10-10 15:25:13
103.90.220.252,24h.com.vn,catID,2024-10-10 15:25:13
103.90.220.244,24h.com.vn,catID,2024-10-10 15:25:13
125.212.247.169,24h.com.vn,catID,2024-10-10 15:25:13
125.212.233.3,24h.com.vn,catID,2024-10-10 15:25:13
125.212.247.66,24h.com.vn,catID,2024-10-10 15:25:13
125.212.247.64,24h.com.vn,catID,2024-10-10 15:25:13
103.183.108.8,24h.com.vn,catID,2024-10-10 15:25:13
103.90.223.132,24h.com.vn,catID,2024-10-10 15:25:13
125.212.247.165,24h.com.vn,catID,2024-10-10 15:25:13
103.174.217.8,24h.com.vn,catID,2024-10-10 15:25:13
210.211.105.51,24h.com.vn,catID,2024-10-10 15:25:13
103.174.217.15,24h.com.vn,catID,2024-10-10 15:25:13
125.212.247.144,24h.com.vn,catID,2024-10-10 15:25:13
103.174.217.17,24h.com.vn,catID,2024-10-10 15:25:13
125.212.247.65,24h.com.vn,catID,2024-10-10 15:25:13
103.174.217.12,24h.com.vn,catID,2024-10-10 15:25:13
27.126.192.215,24h.com.vn,catID,2024-10-10 15:25:13
49.213.20.136,24h.com.vn,catID,2024-10-10 15:25:13
58.27.5.110,24h.com.vn,catID,2024-10-10 15:25:13
23.220.73.155,24h.com.vn,catID,2024-10-10 15:25:13
23.220.73.175,24h.com.vn,catID,2024-10-10 15:25:13
103.90.221.21,24h.com.vn,catID,2024-10-10 15:25:13
103.90.221.5,24h.com.vn,catID,2024-10-10 15:25:13
23.214.112.195,24h.com.vn,catID,2024-10-10 15:25:13
23.214.112.227,24h.com.vn,catID,2024-10-10 15:25:13
203.113.172.211,24h.com.vn,catID,2024-10-10 15:25:13
125.212.247.127,24h.com.vn,catID,2024-10-10 15:25:13
13.227.97.70,24h.com.vn,catID,2024-10-10 15:25:13
13.227.97.32,24h.com.vn,catID,2024-10-10 15:25:13
13.227.97.126,24h.com.vn,catID,2024-10-10 15:25:13
13.227.97.21,24h.com.vn,catID,2024-10-10 15:25:13
210.211.105.44,24h.com.vn,catID,2024-10-10 15:25:13
103.90.223.140,24h.com.vn,catID,2024-10-10 15:25:13
103.90.223.7,24h.com.vn,catID,2024-10-10 15:25:13
