118.102.1.120,baomoi.com,catID,2024-10-10 15:25:09
49.213.103.140,baomoi.com,catID,2024-10-10 15:25:09
49.213.103.142,baomoi.com,catID,2024-10-10 15:25:09
49.213.110.111,baomoi.com,catID,2024-10-10 15:25:09
49.213.103.149,baomoi.com,catID,2024-10-10 15:25:09
49.213.103.155,baomoi.com,catID,2024-10-10 15:25:09
49.213.95.230,baomoi.com,catID,2024-10-10 15:25:09
49.213.103.148,baomoi.com,catID,2024-10-10 15:25:09
49.213.103.156,baomoi.com,catID,2024-10-10 15:25:09
118.102.1.104,baomoi.com,catID,2024-10-10 15:25:09
118.102.1.125,baomoi.com,catID,2024-10-10 15:25:09
118.102.1.99,baomoi.com,catID,2024-10-10 15:25:09
49.213.103.152,baomoi.com,catID,2024-10-10 15:25:09
49.213.103.153,baomoi.com,catID,2024-10-10 15:25:09
49.213.103.162,baomoi.com,catID,2024-10-10 15:25:09
118.102.1.121,baomoi.com,catID,2024-10-10 15:25:09
99.80.227.4,baomoi.com,catID,2024-10-10 15:25:09
52.209.121.193,baomoi.com,catID,2024-10-10 15:25:09
34.246.127.31,baomoi.com,catID,2024-10-10 15:25:09
118.102.1.122,baomoi.com,catID,2024-10-10 15:25:09
222.255.216.35,baomoi.com,catID,2024-10-10 15:25:09
49.213.110.90,baomoi.com,catID,2024-10-10 15:25:09
49.213.103.143,baomoi.com,catID,2024-10-10 15:25:09
49.213.103.141,baomoi.com,catID,2024-10-10 15:25:09
