103.90.222.23,thanhnien.vn,catID,2024-10-10 15:25:21
103.90.222.25,thanhnien.vn,catID,2024-10-10 15:25:21
45.77.45.127,thanhnien.vn,catID,2024-10-10 15:25:21
103.90.220.38,thanhnien.vn,catID,2024-10-10 15:25:21
103.90.220.94,thanhnien.vn,catID,2024-10-10 15:25:21
118.102.1.105,thanhnien.vn,catID,2024-10-10 15:25:21
52.18.46.101,thanhnien.vn,catID,2024-10-10 15:25:21
34.242.17.214,thanhnien.vn,catID,2024-10-10 15:25:21
103.90.220.36,thanhnien.vn,catID,2024-10-10 15:25:21
103.161.22.5,thanhnien.vn,catID,2024-10-10 15:25:21
103.161.22.4,thanhnien.vn,catID,2024-10-10 15:25:21
123.30.151.87,thanhnien.vn,catID,2024-10-10 15:25:21
103.90.220.66,thanhnien.vn,catID,2024-10-10 15:25:21
103.161.22.158,thanhnien.vn,catID,2024-10-10 15:25:21
103.161.22.149,thanhnien.vn,catID,2024-10-10 15:25:21
123.30.151.114,thanhnien.vn,catID,2024-10-10 15:25:21
216.239.36.21,thanhnien.vn,catID,2024-10-10 15:25:21
216.239.38.21,thanhnien.vn,catID,2024-10-10 15:25:21
216.239.32.21,thanhnien.vn,catID,2024-10-10 15:25:21
216.239.34.21,thanhnien.vn,catID,2024-10-10 15:25:21
103.90.222.26,thanhnien.vn,catID,2024-10-10 15:25:21
103.90.222.22,thanhnien.vn,catID,2024-10-10 15:25:21
103.90.220.40,thanhnien.vn,catID,2024-10-10 15:25:21
123.30.151.89,thanhnien.vn,catID,2024-10-10 15:25:21
127.0.0.1,thanhnien.vn,catID,2024-10-10 15:25:21
118.102.1.100,thanhnien.vn,catID,2024-10-10 15:25:21
27.124.19.134,thanhnien.vn,catID,2024-10-10 15:25:21
49.213.110.69,thanhnien.vn,catID,2024-10-10 15:25:21
222.255.236.123,thanhnien.vn,catID,2024-10-10 15:25:21
118.69.34.10,thanhnien.vn,catID,2024-10-10 15:25:21
203.162.163.46,thanhnien.vn,catID,2024-10-10 15:25:21
222.255.236.125,thanhnien.vn,catID,2024-10-10 15:25:21
125.212.211.38,thanhnien.vn,catID,2024-10-10 15:25:21
222.255.236.114,thanhnien.vn,catID,2024-10-10 15:25:21
103.90.222.247,thanhnien.vn,catID,2024-10-10 15:25:21
103.90.222.7,thanhnien.vn,catID,2024-10-10 15:25:21
125.234.108.154,thanhnien.vn,catID,2024-10-10 15:25:21
42.119.138.4,thanhnien.vn,catID,2024-10-10 15:25:21
222.255.216.35,thanhnien.vn,catID,2024-10-10 15:25:21
42.119.138.3,thanhnien.vn,catID,2024-10-10 15:25:21
14.225.236.158,thanhnien.vn,catID,2024-10-10 15:25:21
222.255.236.117,thanhnien.vn,catID,2024-10-10 15:25:21
51.79.230.25,thanhnien.vn,catID,2024-10-10 15:25:21
103.90.223.132,thanhnien.vn,catID,2024-10-10 15:25:21
103.90.223.137,thanhnien.vn,catID,2024-10-10 15:25:21
222.255.237.74,thanhnien.vn,catID,2024-10-10 15:25:21
52.84.122.160,thanhnien.vn,catID,2024-10-10 15:25:21
52.84.122.164,thanhnien.vn,catID,2024-10-10 15:25:21
52.84.122.167,thanhnien.vn,catID,2024-10-10 15:25:21
52.84.122.77,thanhnien.vn,catID,2024-10-10 15:25:21
118.102.1.123,thanhnien.vn,catID,2024-10-10 15:25:21
118.69.194.46,thanhnien.vn,catID,2024-10-10 15:25:21
49.213.78.97,thanhnien.vn,catID,2024-10-10 15:25:21
49.213.78.98,thanhnien.vn,catID,2024-10-10 15:25:21
103.90.222.227,thanhnien.vn,catID,2024-10-10 15:25:21
103.90.222.230,thanhnien.vn,catID,2024-10-10 15:25:21
103.151.240.5,thanhnien.vn,catID,2024-10-10 15:25:21
103.151.240.7,thanhnien.vn,catID,2024-10-10 15:25:21
125.234.108.152,thanhnien.vn,catID,2024-10-10 15:25:21
49.213.78.165,thanhnien.vn,catID,2024-10-10 15:25:21
