180.148.143.98,vnexpress.net,catID,2024-10-10 15:25:18
111.65.249.59,vnexpress.net,catID,2024-10-10 15:25:18
35.205.52.34,vnexpress.net,catID,2024-10-10 15:25:18
111.65.242.207,vnexpress.net,catID,2024-10-10 15:25:18
180.148.142.37,vnexpress.net,catID,2024-10-10 15:25:18
180.148.143.180,vnexpress.net,catID,2024-10-10 15:25:18
111.65.242.200,vnexpress.net,catID,2024-10-10 15:25:18
111.65.242.205,vnexpress.net,catID,2024-10-10 15:25:18
180.148.143.99,vnexpress.net,catID,2024-10-10 15:25:18
111.65.248.140,vnexpress.net,catID,2024-10-10 15:25:18
180.148.132.69,vnexpress.net,catID,2024-10-10 15:25:18
180.148.141.18,vnexpress.net,catID,2024-10-10 15:25:18
180.148.142.89,vnexpress.net,catID,2024-10-10 15:25:18
111.65.250.18,vnexpress.net,catID,2024-10-10 15:25:18
111.65.249.246,vnexpress.net,catID,2024-10-10 15:25:18
180.148.142.118,vnexpress.net,catID,2024-10-10 15:25:18
111.65.242.211,vnexpress.net,catID,2024-10-10 15:25:18
111.65.248.141,vnexpress.net,catID,2024-10-10 15:25:18
180.148.142.169,vnexpress.net,catID,2024-10-10 15:25:18
180.148.132.183,vnexpress.net,catID,2024-10-10 15:25:18
111.65.249.229,vnexpress.net,catID,2024-10-10 15:25:18
180.148.134.210,vnexpress.net,catID,2024-10-10 15:25:18
10.1.7.9,vnexpress.net,catID,2024-10-10 15:25:18
180.148.141.16,vnexpress.net,catID,2024-10-10 15:25:18
111.65.248.136,vnexpress.net,catID,2024-10-10 15:25:18
111.65.248.152,vnexpress.net,catID,2024-10-10 15:25:18
111.65.250.19,vnexpress.net,catID,2024-10-10 15:25:18
13.224.167.118,vnexpress.net,catID,2024-10-10 15:25:18
13.224.167.84,vnexpress.net,catID,2024-10-10 15:25:18
13.224.167.59,vnexpress.net,catID,2024-10-10 15:25:18
13.224.167.76,vnexpress.net,catID,2024-10-10 15:25:18
180.148.134.86,vnexpress.net,catID,2024-10-10 15:25:18
180.148.134.72,vnexpress.net,catID,2024-10-10 15:25:18
180.148.142.17,vnexpress.net,catID,2024-10-10 15:25:18
111.65.242.203,vnexpress.net,catID,2024-10-10 15:25:18
180.148.129.156,vnexpress.net,catID,2024-10-10 15:25:18
111.65.242.201,vnexpress.net,catID,2024-10-10 15:25:18
111.65.249.61,vnexpress.net,catID,2024-10-10 15:25:18
180.148.139.195,vnexpress.net,catID,2024-10-10 15:25:18
111.65.249.70,vnexpress.net,catID,2024-10-10 15:25:18
180.148.131.57,vnexpress.net,catID,2024-10-10 15:25:18
111.65.249.66,vnexpress.net,catID,2024-10-10 15:25:18
180.148.132.32,vnexpress.net,catID,2024-10-10 15:25:18
180.148.134.216,vnexpress.net,catID,2024-10-10 15:25:18
111.65.250.17,vnexpress.net,catID,2024-10-10 15:25:18
180.148.142.95,vnexpress.net,catID,2024-10-10 15:25:18
111.65.248.135,vnexpress.net,catID,2024-10-10 15:25:18
111.65.250.13,vnexpress.net,catID,2024-10-10 15:25:18
180.148.142.4,vnexpress.net,catID,2024-10-10 15:25:18
180.148.129.21,vnexpress.net,catID,2024-10-10 15:25:18
180.148.142.120,vnexpress.net,catID,2024-10-10 15:25:18
180.148.142.116,vnexpress.net,catID,2024-10-10 15:25:18
180.148.142.70,vnexpress.net,catID,2024-10-10 15:25:18
180.148.142.171,vnexpress.net,catID,2024-10-10 15:25:18
180.148.133.45,vnexpress.net,catID,2024-10-10 15:25:18
111.65.250.21,vnexpress.net,catID,2024-10-10 15:25:18
118.69.184.20,vnexpress.net,catID,2024-10-10 15:25:18
180.148.142.200,vnexpress.net,catID,2024-10-10 15:25:18
180.148.142.107,vnexpress.net,catID,2024-10-10 15:25:18
180.148.134.169,vnexpress.net,catID,2024-10-10 15:25:18
180.148.142.80,vnexpress.net,catID,2024-10-10 15:25:18
111.65.248.132,vnexpress.net,catID,2024-10-10 15:25:18
111.65.248.242,vnexpress.net,catID,2024-10-10 15:25:18
180.148.134.212,vnexpress.net,catID,2024-10-10 15:25:18
180.148.131.88,vnexpress.net,catID,2024-10-10 15:25:18
180.148.129.210,vnexpress.net,catID,2024-10-10 15:25:18
180.148.142.201,vnexpress.net,catID,2024-10-10 15:25:18
180.148.142.202,vnexpress.net,catID,2024-10-10 15:25:18
180.148.142.45,vnexpress.net,catID,2024-10-10 15:25:18
180.148.142.161,vnexpress.net,catID,2024-10-10 15:25:18
180.148.131.56,vnexpress.net,catID,2024-10-10 15:25:18
180.148.134.81,vnexpress.net,catID,2024-10-10 15:25:18
180.148.131.55,vnexpress.net,catID,2024-10-10 15:25:18
180.148.132.4,vnexpress.net,catID,2024-10-10 15:25:18
180.148.134.115,vnexpress.net,catID,2024-10-10 15:25:18
210.245.31.177,vnexpress.net,catID,2024-10-10 15:25:18
180.148.134.164,vnexpress.net,catID,2024-10-10 15:25:18
180.148.135.22,vnexpress.net,catID,2024-10-10 15:25:18
180.148.132.207,vnexpress.net,catID,2024-10-10 15:25:18
180.148.143.120,vnexpress.net,catID,2024-10-10 15:25:18
180.148.139.15,vnexpress.net,catID,2024-10-10 15:25:18
180.148.132.169,vnexpress.net,catID,2024-10-10 15:25:18
180.148.132.67,vnexpress.net,catID,2024-10-10 15:25:18
180.148.132.168,vnexpress.net,catID,2024-10-10 15:25:18
171.244.57.228,vnexpress.net,catID,2024-10-10 15:25:18
180.148.132.210,vnexpress.net,catID,2024-10-10 15:25:18
180.148.141.9,vnexpress.net,catID,2024-10-10 15:25:18
111.65.250.2,vnexpress.net,catID,2024-10-10 15:25:18
180.148.141.142,vnexpress.net,catID,2024-10-10 15:25:18
180.148.142.98,vnexpress.net,catID,2024-10-10 15:25:18
210.245.119.195,vnexpress.net,catID,2024-10-10 15:25:18
111.65.249.69,vnexpress.net,catID,2024-10-10 15:25:18
180.148.142.119,vnexpress.net,catID,2024-10-10 15:25:18
180.148.142.7,vnexpress.net,catID,2024-10-10 15:25:18
111.65.249.45,vnexpress.net,catID,2024-10-10 15:25:18
180.148.142.26,vnexpress.net,catID,2024-10-10 15:25:18
180.148.142.38,vnexpress.net,catID,2024-10-10 15:25:18
180.148.134.219,vnexpress.net,catID,2024-10-10 15:25:18
111.65.249.241,vnexpress.net,catID,2024-10-10 15:25:18
180.148.142.5,vnexpress.net,catID,2024-10-10 15:25:18
111.65.250.3,vnexpress.net,catID,2024-10-10 15:25:18
180.148.134.221,vnexpress.net,catID,2024-10-10 15:25:18
111.65.243.38,vnexpress.net,catID,2024-10-10 15:25:18
180.148.132.159,vnexpress.net,catID,2024-10-10 15:25:18
111.65.248.130,vnexpress.net,catID,2024-10-10 15:25:18
111.65.248.170,vnexpress.net,catID,2024-10-10 15:25:18
111.65.248.248,vnexpress.net,catID,2024-10-10 15:25:18
180.148.131.9,vnexpress.net,catID,2024-10-10 15:25:18
180.148.135.30,vnexpress.net,catID,2024-10-10 15:25:18
180.148.132.75,vnexpress.net,catID,2024-10-10 15:25:18
111.65.248.177,vnexpress.net,catID,2024-10-10 15:25:18
111.65.248.142,vnexpress.net,catID,2024-10-10 15:25:18
180.148.132.151,vnexpress.net,catID,2024-10-10 15:25:18
180.148.134.211,vnexpress.net,catID,2024-10-10 15:25:18
180.148.142.51,vnexpress.net,catID,2024-10-10 15:25:18
111.65.250.5,vnexpress.net,catID,2024-10-10 15:25:18
180.148.132.64,vnexpress.net,catID,2024-10-10 15:25:18
210.245.86.30,vnexpress.net,catID,2024-10-10 15:25:18
180.148.142.94,vnexpress.net,catID,2024-10-10 15:25:18
111.65.248.197,vnexpress.net,catID,2024-10-10 15:25:18
180.148.134.213,vnexpress.net,catID,2024-10-10 15:25:18
180.148.134.199,vnexpress.net,catID,2024-10-10 15:25:18
18.139.17.76,vnexpress.net,catID,2024-10-10 15:25:18
180.148.134.79,vnexpress.net,catID,2024-10-10 15:25:18
180.148.142.65,vnexpress.net,catID,2024-10-10 15:25:18
180.148.134.93,vnexpress.net,catID,2024-10-10 15:25:18
180.148.134.165,vnexpress.net,catID,2024-10-10 15:25:18
180.148.132.14,vnexpress.net,catID,2024-10-10 15:25:18
180.148.142.165,vnexpress.net,catID,2024-10-10 15:25:18
111.65.250.15,vnexpress.net,catID,2024-10-10 15:25:18
