118.69.184.23,fptplay.vn,catID,2024-10-10 15:12:49
118.69.184.28,fptplay.vn,catID,2024-10-10 15:12:49
42.119.252.89,fptplay.vn,catID,2024-10-10 15:12:49
1.53.25.38,fptplay.vn,catID,2024-10-10 15:12:49
115.146.122.169,fptplay.vn,catID,2024-10-10 15:12:49
1.53.25.137,fptplay.vn,catID,2024-10-10 15:12:49
1.53.25.138,fptplay.vn,catID,2024-10-10 15:12:49
1.53.25.135,fptplay.vn,catID,2024-10-10 15:12:49
1.53.25.136,fptplay.vn,catID,2024-10-10 15:12:49
216.198.54.1,fptplay.vn,catID,2024-10-10 15:12:49
216.198.53.1,fptplay.vn,catID,2024-10-10 15:12:49
42.118.166.70,fptplay.vn,catID,2024-10-10 15:12:49
42.119.252.105,fptplay.vn,catID,2024-10-10 15:12:49
103.160.85.91,fptplay.vn,catID,2024-10-10 15:12:49
118.68.169.218,fptplay.vn,catID,2024-10-10 15:12:49
