54.183.81.223,netflix.com,catID,2024-10-10 15:12:58
10.160.16.128,netflix.com,catID,2024-10-10 15:12:58
52.5.134.229,netflix.com,catID,2024-10-10 15:12:58
52.204.151.49,netflix.com,catID,2024-10-10 15:12:58
54.165.65.184,netflix.com,catID,2024-10-10 15:12:58
100.127.236.73,netflix.com,catID,2024-10-10 15:12:58
44.240.158.19,netflix.com,catID,2024-10-10 15:12:58
3.137.95.47,netflix.com,catID,2024-10-10 15:12:58
54.170.196.176,netflix.com,catID,2024-10-10 15:12:58
3.211.157.115,netflix.com,catID,2024-10-10 15:12:58
100.82.206.144,netflix.com,catID,2024-10-10 15:12:58
54.226.168.6,netflix.com,catID,2024-10-10 15:12:58
34.202.223.56,netflix.com,catID,2024-10-10 15:12:58
34.212.80.178,netflix.com,catID,2024-10-10 15:12:58
34.208.218.138,netflix.com,catID,2024-10-10 15:12:58
52.39.133.240,netflix.com,catID,2024-10-10 15:12:58
18.207.84.236,netflix.com,catID,2024-10-10 15:12:58
3.221.228.214,netflix.com,catID,2024-10-10 15:12:58
52.0.131.132,netflix.com,catID,2024-10-10 15:12:58
44.234.232.238,netflix.com,catID,2024-10-10 15:12:58
44.242.60.85,netflix.com,catID,2024-10-10 15:12:58
44.237.234.25,netflix.com,catID,2024-10-10 15:12:58
10.200.136.13,netflix.com,catID,2024-10-10 15:12:58
50.17.247.9,netflix.com,catID,2024-10-10 15:12:58
107.20.175.192,netflix.com,catID,2024-10-10 15:12:58
204.236.236.127,netflix.com,catID,2024-10-10 15:12:58
45.57.91.1,netflix.com,catID,2024-10-10 15:12:58
45.57.90.1,netflix.com,catID,2024-10-10 15:12:58
3.223.102.190,netflix.com,catID,2024-10-10 15:12:58
3.94.69.5,netflix.com,catID,2024-10-10 15:12:58
34.232.92.10,netflix.com,catID,2024-10-10 15:12:58
10.201.99.162,netflix.com,catID,2024-10-10 15:12:58
23.11.209.150,netflix.com,catID,2024-10-10 15:12:58
100.127.253.141,netflix.com,catID,2024-10-10 15:12:58
100.127.253.185,netflix.com,catID,2024-10-10 15:12:58
100.85.46.65,netflix.com,catID,2024-10-10 15:12:58
100.85.120.110,netflix.com,catID,2024-10-10 15:12:58
100.82.155.48,netflix.com,catID,2024-10-10 15:12:58
10.200.128.242,netflix.com,catID,2024-10-10 15:12:58
54.209.46.108,netflix.com,catID,2024-10-10 15:12:58
10.31.128.25,netflix.com,catID,2024-10-10 15:12:58
52.45.125.156,netflix.com,catID,2024-10-10 15:12:58
54.237.150.62,netflix.com,catID,2024-10-10 15:12:58
100.65.95.79,netflix.com,catID,2024-10-10 15:12:58
100.65.14.17,netflix.com,catID,2024-10-10 15:12:58
100.65.191.24,netflix.com,catID,2024-10-10 15:12:58
44.226.179.188,netflix.com,catID,2024-10-10 15:12:58
52.10.208.126,netflix.com,catID,2024-10-10 15:12:58
35.82.63.100,netflix.com,catID,2024-10-10 15:12:58
23.45.112.186,netflix.com,catID,2024-10-10 15:12:58
23.45.112.153,netflix.com,catID,2024-10-10 15:12:58
63.33.205.240,netflix.com,catID,2024-10-10 15:12:58
54.154.251.198,netflix.com,catID,2024-10-10 15:12:58
63.32.40.144,netflix.com,catID,2024-10-10 15:12:58
18.235.108.152,netflix.com,catID,2024-10-10 15:12:58
52.23.126.239,netflix.com,catID,2024-10-10 15:12:58
34.231.63.139,netflix.com,catID,2024-10-10 15:12:58
69.53.231.9,netflix.com,catID,2024-10-10 15:12:58
69.53.231.132,netflix.com,catID,2024-10-10 15:12:58
52.5.168.52,netflix.com,catID,2024-10-10 15:12:58
54.172.187.51,netflix.com,catID,2024-10-10 15:12:58
52.54.227.86,netflix.com,catID,2024-10-10 15:12:58
54.235.153.250,netflix.com,catID,2024-10-10 15:12:58
3.232.120.188,netflix.com,catID,2024-10-10 15:12:58
54.145.90.155,netflix.com,catID,2024-10-10 15:12:58
35.165.68.166,netflix.com,catID,2024-10-10 15:12:58
52.40.134.57,netflix.com,catID,2024-10-10 15:12:58
34.213.114.77,netflix.com,catID,2024-10-10 15:12:58
3.138.84.225,netflix.com,catID,2024-10-10 15:12:58
3.132.196.97,netflix.com,catID,2024-10-10 15:12:58
3.141.219.247,netflix.com,catID,2024-10-10 15:12:58
142.250.200.51,netflix.com,catID,2024-10-10 15:12:58
172.26.1.8,netflix.com,catID,2024-10-10 15:12:58
44.235.252.74,netflix.com,catID,2024-10-10 15:12:58
52.41.157.130,netflix.com,catID,2024-10-10 15:12:58
34.214.209.123,netflix.com,catID,2024-10-10 15:12:58
100.82.138.12,netflix.com,catID,2024-10-10 15:12:58
100.127.246.216,netflix.com,catID,2024-10-10 15:12:58
52.213.114.141,netflix.com,catID,2024-10-10 15:12:58
54.229.161.250,netflix.com,catID,2024-10-10 15:12:58
52.18.180.38,netflix.com,catID,2024-10-10 15:12:58
100.85.164.135,netflix.com,catID,2024-10-10 15:12:58
100.85.124.154,netflix.com,catID,2024-10-10 15:12:58
100.82.17.125,netflix.com,catID,2024-10-10 15:12:58
100.82.134.239,netflix.com,catID,2024-10-10 15:12:58
100.85.0.12,netflix.com,catID,2024-10-10 15:12:58
100.85.124.203,netflix.com,catID,2024-10-10 15:12:58
44.242.88.30,netflix.com,catID,2024-10-10 15:12:58
44.240.252.44,netflix.com,catID,2024-10-10 15:12:58
44.236.136.138,netflix.com,catID,2024-10-10 15:12:58
44.235.227.192,netflix.com,catID,2024-10-10 15:12:58
54.184.157.35,netflix.com,catID,2024-10-10 15:12:58
35.165.30.1,netflix.com,catID,2024-10-10 15:12:58
107.152.29.197,netflix.com,catID,2024-10-10 15:12:58
54.193.61.0,netflix.com,catID,2024-10-10 15:12:58
34.227.105.34,netflix.com,catID,2024-10-10 15:12:58
100.127.253.125,netflix.com,catID,2024-10-10 15:12:58
54.148.203.219,netflix.com,catID,2024-10-10 15:12:58
52.26.137.232,netflix.com,catID,2024-10-10 15:12:58
52.35.199.199,netflix.com,catID,2024-10-10 15:12:58
173.194.195.121,netflix.com,catID,2024-10-10 15:12:58
23.246.58.137,netflix.com,catID,2024-10-10 15:12:58
198.38.108.217,netflix.com,catID,2024-10-10 15:12:58
100.82.31.208,netflix.com,catID,2024-10-10 15:12:58
100.82.174.66,netflix.com,catID,2024-10-10 15:12:58
69.53.237.211,netflix.com,catID,2024-10-10 15:12:58
69.53.236.55,netflix.com,catID,2024-10-10 15:12:58
54.175.196.36,netflix.com,catID,2024-10-10 15:12:58
34.237.80.21,netflix.com,catID,2024-10-10 15:12:58
52.20.43.116,netflix.com,catID,2024-10-10 15:12:58
100.127.241.241,netflix.com,catID,2024-10-10 15:12:58
100.127.241.95,netflix.com,catID,2024-10-10 15:12:58
100.66.116.231,netflix.com,catID,2024-10-10 15:12:58
100.66.109.228,netflix.com,catID,2024-10-10 15:12:58
100.66.96.127,netflix.com,catID,2024-10-10 15:12:58
10.31.128.27,netflix.com,catID,2024-10-10 15:12:58
108.158.172.54,netflix.com,catID,2024-10-10 15:12:58
108.158.172.92,netflix.com,catID,2024-10-10 15:12:58
108.158.172.99,netflix.com,catID,2024-10-10 15:12:58
108.158.172.4,netflix.com,catID,2024-10-10 15:12:58
35.161.57.182,netflix.com,catID,2024-10-10 15:12:58
35.161.204.99,netflix.com,catID,2024-10-10 15:12:58
54.148.135.135,netflix.com,catID,2024-10-10 15:12:58
52.24.235.219,netflix.com,catID,2024-10-10 15:12:58
52.24.72.66,netflix.com,catID,2024-10-10 15:12:58
52.42.105.121,netflix.com,catID,2024-10-10 15:12:58
52.85.247.30,netflix.com,catID,2024-10-10 15:12:58
52.85.247.23,netflix.com,catID,2024-10-10 15:12:58
52.85.247.72,netflix.com,catID,2024-10-10 15:12:58
52.85.247.6,netflix.com,catID,2024-10-10 15:12:58
54.227.159.189,netflix.com,catID,2024-10-10 15:12:58
3.93.129.169,netflix.com,catID,2024-10-10 15:12:58
52.55.208.9,netflix.com,catID,2024-10-10 15:12:58
100.82.14.92,netflix.com,catID,2024-10-10 15:12:58
100.66.37.213,netflix.com,catID,2024-10-10 15:12:58
100.66.10.204,netflix.com,catID,2024-10-10 15:12:58
100.66.40.165,netflix.com,catID,2024-10-10 15:12:58
100.66.28.161,netflix.com,catID,2024-10-10 15:12:58
100.82.39.68,netflix.com,catID,2024-10-10 15:12:58
100.82.80.180,netflix.com,catID,2024-10-10 15:12:58
100.82.159.4,netflix.com,catID,2024-10-10 15:12:58
104.17.238.25,netflix.com,catID,2024-10-10 15:12:58
104.17.240.25,netflix.com,catID,2024-10-10 15:12:58
104.17.239.25,netflix.com,catID,2024-10-10 15:12:58
104.17.237.25,netflix.com,catID,2024-10-10 15:12:58
104.17.241.25,netflix.com,catID,2024-10-10 15:12:58
52.34.187.193,netflix.com,catID,2024-10-10 15:12:58
34.209.55.59,netflix.com,catID,2024-10-10 15:12:58
100.66.61.7,netflix.com,catID,2024-10-10 15:12:58
100.66.60.77,netflix.com,catID,2024-10-10 15:12:58
52.42.28.59,netflix.com,catID,2024-10-10 15:12:58
52.38.28.203,netflix.com,catID,2024-10-10 15:12:58
54.148.39.92,netflix.com,catID,2024-10-10 15:12:58
108.158.46.94,netflix.com,catID,2024-10-10 15:12:58
108.158.46.115,netflix.com,catID,2024-10-10 15:12:58
108.158.46.14,netflix.com,catID,2024-10-10 15:12:58
108.158.46.55,netflix.com,catID,2024-10-10 15:12:58
100.85.112.75,netflix.com,catID,2024-10-10 15:12:58
100.85.191.24,netflix.com,catID,2024-10-10 15:12:58
100.127.241.74,netflix.com,catID,2024-10-10 15:12:58
100.127.241.238,netflix.com,catID,2024-10-10 15:12:58
52.52.192.7,netflix.com,catID,2024-10-10 15:12:58
52.38.7.83,netflix.com,catID,2024-10-10 15:12:58
44.242.13.161,netflix.com,catID,2024-10-10 15:12:58
100.66.77.3,netflix.com,catID,2024-10-10 15:12:58
100.66.65.56,netflix.com,catID,2024-10-10 15:12:58
100.82.129.118,netflix.com,catID,2024-10-10 15:12:58
100.82.104.95,netflix.com,catID,2024-10-10 15:12:58
100.82.31.10,netflix.com,catID,2024-10-10 15:12:58
100.85.15.64,netflix.com,catID,2024-10-10 15:12:58
100.82.100.195,netflix.com,catID,2024-10-10 15:12:58
100.85.180.255,netflix.com,catID,2024-10-10 15:12:58
100.127.236.123,netflix.com,catID,2024-10-10 15:12:58
35.172.16.128,netflix.com,catID,2024-10-10 15:12:58
52.44.121.148,netflix.com,catID,2024-10-10 15:12:58
52.3.128.217,netflix.com,catID,2024-10-10 15:12:58
100.66.7.25,netflix.com,catID,2024-10-10 15:12:58
54.193.103.252,netflix.com,catID,2024-10-10 15:12:58
100.85.60.124,netflix.com,catID,2024-10-10 15:12:58
23.212.62.91,netflix.com,catID,2024-10-10 15:12:58
23.212.62.71,netflix.com,catID,2024-10-10 15:12:58
52.22.97.18,netflix.com,catID,2024-10-10 15:12:58
34.205.138.167,netflix.com,catID,2024-10-10 15:12:58
52.22.182.244,netflix.com,catID,2024-10-10 15:12:58
52.84.18.43,netflix.com,catID,2024-10-10 15:12:58
52.84.18.86,netflix.com,catID,2024-10-10 15:12:58
52.84.18.11,netflix.com,catID,2024-10-10 15:12:58
52.84.18.107,netflix.com,catID,2024-10-10 15:12:58
74.125.126.121,netflix.com,catID,2024-10-10 15:12:58
100.82.77.89,netflix.com,catID,2024-10-10 15:12:58
100.82.148.170,netflix.com,catID,2024-10-10 15:12:58
100.82.39.217,netflix.com,catID,2024-10-10 15:12:58
54.173.25.53,netflix.com,catID,2024-10-10 15:12:58
44.194.200.93,netflix.com,catID,2024-10-10 15:12:58
3.233.165.17,netflix.com,catID,2024-10-10 15:12:58
54.243.51.253,netflix.com,catID,2024-10-10 15:12:58
52.45.160.31,netflix.com,catID,2024-10-10 15:12:58
34.238.99.159,netflix.com,catID,2024-10-10 15:12:58
45.57.40.1,netflix.com,catID,2024-10-10 15:12:58
34.208.2.28,netflix.com,catID,2024-10-10 15:12:58
35.163.202.118,netflix.com,catID,2024-10-10 15:12:58
100.66.76.43,netflix.com,catID,2024-10-10 15:12:58
100.82.19.173,netflix.com,catID,2024-10-10 15:12:58
100.82.174.64,netflix.com,catID,2024-10-10 15:12:58
100.82.86.192,netflix.com,catID,2024-10-10 15:12:58
52.9.25.20,netflix.com,catID,2024-10-10 15:12:58
52.8.142.246,netflix.com,catID,2024-10-10 15:12:58
52.39.115.72,netflix.com,catID,2024-10-10 15:12:58
52.40.135.53,netflix.com,catID,2024-10-10 15:12:58
52.11.106.235,netflix.com,catID,2024-10-10 15:12:58
172.217.214.121,netflix.com,catID,2024-10-10 15:12:58
74.125.132.121,netflix.com,catID,2024-10-10 15:12:58
52.49.86.107,netflix.com,catID,2024-10-10 15:12:58
52.16.198.187,netflix.com,catID,2024-10-10 15:12:58
52.17.109.14,netflix.com,catID,2024-10-10 15:12:58
100.82.166.56,netflix.com,catID,2024-10-10 15:12:58
34.197.47.224,netflix.com,catID,2024-10-10 15:12:58
52.7.33.245,netflix.com,catID,2024-10-10 15:12:58
52.87.52.49,netflix.com,catID,2024-10-10 15:12:58
35.169.137.175,netflix.com,catID,2024-10-10 15:12:58
3.220.76.163,netflix.com,catID,2024-10-10 15:12:58
52.44.110.148,netflix.com,catID,2024-10-10 15:12:58
100.66.32.133,netflix.com,catID,2024-10-10 15:12:58
100.66.17.43,netflix.com,catID,2024-10-10 15:12:58
100.66.5.158,netflix.com,catID,2024-10-10 15:12:58
100.65.139.199,netflix.com,catID,2024-10-10 15:12:58
100.65.91.138,netflix.com,catID,2024-10-10 15:12:58
100.66.1.167,netflix.com,catID,2024-10-10 15:12:58
34.196.174.83,netflix.com,catID,2024-10-10 15:12:58
18.206.42.240,netflix.com,catID,2024-10-10 15:12:58
44.195.102.197,netflix.com,catID,2024-10-10 15:12:58
100.82.113.39,netflix.com,catID,2024-10-10 15:12:58
207.45.73.145,netflix.com,catID,2024-10-10 15:12:58
3.222.136.148,netflix.com,catID,2024-10-10 15:12:58
34.205.70.222,netflix.com,catID,2024-10-10 15:12:58
54.88.99.81,netflix.com,catID,2024-10-10 15:12:58
100.75.143.44,netflix.com,catID,2024-10-10 15:12:58
100.75.167.164,netflix.com,catID,2024-10-10 15:12:58
100.75.146.165,netflix.com,catID,2024-10-10 15:12:58
100.64.20.180,netflix.com,catID,2024-10-10 15:12:58
100.64.24.47,netflix.com,catID,2024-10-10 15:12:58
100.64.17.167,netflix.com,catID,2024-10-10 15:12:58
100.87.180.124,netflix.com,catID,2024-10-10 15:12:58
100.87.18.109,netflix.com,catID,2024-10-10 15:12:58
100.81.96.101,netflix.com,catID,2024-10-10 15:12:58
34.215.149.186,netflix.com,catID,2024-10-10 15:12:58
52.42.105.62,netflix.com,catID,2024-10-10 15:12:58
52.36.137.254,netflix.com,catID,2024-10-10 15:12:58
52.2.117.168,netflix.com,catID,2024-10-10 15:12:58
34.231.144.43,netflix.com,catID,2024-10-10 15:12:58
52.5.123.129,netflix.com,catID,2024-10-10 15:12:58
54.193.50.97,netflix.com,catID,2024-10-10 15:12:58
52.33.219.14,netflix.com,catID,2024-10-10 15:12:58
35.161.19.142,netflix.com,catID,2024-10-10 15:12:58
35.155.255.116,netflix.com,catID,2024-10-10 15:12:58
100.127.237.237,netflix.com,catID,2024-10-10 15:12:58
100.127.238.43,netflix.com,catID,2024-10-10 15:12:58
100.82.50.132,netflix.com,catID,2024-10-10 15:12:58
54.183.7.194,netflix.com,catID,2024-10-10 15:12:58
54.84.96.133,netflix.com,catID,2024-10-10 15:12:58
54.152.92.146,netflix.com,catID,2024-10-10 15:12:58
34.198.73.35,netflix.com,catID,2024-10-10 15:12:58
54.214.31.161,netflix.com,catID,2024-10-10 15:12:58
44.226.248.54,netflix.com,catID,2024-10-10 15:12:58
34.217.252.38,netflix.com,catID,2024-10-10 15:12:58
34.215.85.6,netflix.com,catID,2024-10-10 15:12:58
35.155.202.105,netflix.com,catID,2024-10-10 15:12:58
52.41.121.39,netflix.com,catID,2024-10-10 15:12:58
35.82.122.100,netflix.com,catID,2024-10-10 15:12:58
54.200.106.22,netflix.com,catID,2024-10-10 15:12:58
34.193.190.234,netflix.com,catID,2024-10-10 15:12:58
34.237.133.163,netflix.com,catID,2024-10-10 15:12:58
52.202.17.199,netflix.com,catID,2024-10-10 15:12:58
100.127.235.168,netflix.com,catID,2024-10-10 15:12:58
52.35.235.247,netflix.com,catID,2024-10-10 15:12:58
52.25.8.105,netflix.com,catID,2024-10-10 15:12:58
52.42.149.209,netflix.com,catID,2024-10-10 15:12:58
35.160.123.164,netflix.com,catID,2024-10-10 15:12:58
54.148.109.121,netflix.com,catID,2024-10-10 15:12:58
54.69.35.250,netflix.com,catID,2024-10-10 15:12:58
52.25.105.88,netflix.com,catID,2024-10-10 15:12:58
54.201.117.69,netflix.com,catID,2024-10-10 15:12:58
100.85.129.203,netflix.com,catID,2024-10-10 15:12:58
100.82.13.27,netflix.com,catID,2024-10-10 15:12:58
3.223.95.194,netflix.com,catID,2024-10-10 15:12:58
52.202.192.184,netflix.com,catID,2024-10-10 15:12:58
52.73.180.17,netflix.com,catID,2024-10-10 15:12:58
34.233.207.174,netflix.com,catID,2024-10-10 15:12:58
54.175.93.53,netflix.com,catID,2024-10-10 15:12:58
34.226.230.156,netflix.com,catID,2024-10-10 15:12:58
100.127.235.63,netflix.com,catID,2024-10-10 15:12:58
100.127.237.85,netflix.com,catID,2024-10-10 15:12:58
52.31.48.193,netflix.com,catID,2024-10-10 15:12:58
34.252.74.1,netflix.com,catID,2024-10-10 15:12:58
46.137.171.215,netflix.com,catID,2024-10-10 15:12:58
44.226.113.145,netflix.com,catID,2024-10-10 15:12:58
34.218.19.240,netflix.com,catID,2024-10-10 15:12:58
18.236.7.30,netflix.com,catID,2024-10-10 15:12:58
52.89.85.184,netflix.com,catID,2024-10-10 15:12:58
54.201.55.59,netflix.com,catID,2024-10-10 15:12:58
52.27.247.17,netflix.com,catID,2024-10-10 15:12:58
100.82.165.175,netflix.com,catID,2024-10-10 15:12:58
100.82.62.34,netflix.com,catID,2024-10-10 15:12:58
52.51.169.201,netflix.com,catID,2024-10-10 15:12:58
52.208.241.208,netflix.com,catID,2024-10-10 15:12:58
54.229.129.69,netflix.com,catID,2024-10-10 15:12:58
100.72.16.182,netflix.com,catID,2024-10-10 15:12:58
100.72.23.8,netflix.com,catID,2024-10-10 15:12:58
100.72.17.15,netflix.com,catID,2024-10-10 15:12:58
100.72.23.169,netflix.com,catID,2024-10-10 15:12:58
100.66.119.204,netflix.com,catID,2024-10-10 15:12:58
100.66.104.159,netflix.com,catID,2024-10-10 15:12:58
100.66.98.61,netflix.com,catID,2024-10-10 15:12:58
52.27.240.14,netflix.com,catID,2024-10-10 15:12:58
35.167.23.63,netflix.com,catID,2024-10-10 15:12:58
35.160.195.125,netflix.com,catID,2024-10-10 15:12:58
100.66.68.159,netflix.com,catID,2024-10-10 15:12:58
52.3.44.155,netflix.com,catID,2024-10-10 15:12:58
54.164.239.58,netflix.com,catID,2024-10-10 15:12:58
52.3.45.221,netflix.com,catID,2024-10-10 15:12:58
35.155.247.161,netflix.com,catID,2024-10-10 15:12:58
34.246.216.245,netflix.com,catID,2024-10-10 15:12:58
52.10.217.81,netflix.com,catID,2024-10-10 15:12:58
34.195.113.199,netflix.com,catID,2024-10-10 15:12:58
18.204.98.127,netflix.com,catID,2024-10-10 15:12:58
34.246.149.52,netflix.com,catID,2024-10-10 15:12:58
54.72.212.34,netflix.com,catID,2024-10-10 15:12:58
35.160.186.158,netflix.com,catID,2024-10-10 15:12:58
18.208.13.229,netflix.com,catID,2024-10-10 15:12:58
100.66.65.46,netflix.com,catID,2024-10-10 15:12:58
18.218.100.182,netflix.com,catID,2024-10-10 15:12:58
3.129.152.194,netflix.com,catID,2024-10-10 15:12:58
3.132.30.62,netflix.com,catID,2024-10-10 15:12:58
3.215.158.234,netflix.com,catID,2024-10-10 15:12:58
18.214.45.115,netflix.com,catID,2024-10-10 15:12:58
52.22.183.129,netflix.com,catID,2024-10-10 15:12:58
100.85.49.171,netflix.com,catID,2024-10-10 15:12:58
100.82.181.205,netflix.com,catID,2024-10-10 15:12:58
100.82.100.142,netflix.com,catID,2024-10-10 15:12:58
52.211.14.11,netflix.com,catID,2024-10-10 15:12:58
34.241.157.21,netflix.com,catID,2024-10-10 15:12:58
52.48.29.108,netflix.com,catID,2024-10-10 15:12:58
34.252.180.155,netflix.com,catID,2024-10-10 15:12:58
34.253.247.31,netflix.com,catID,2024-10-10 15:12:58
52.209.156.152,netflix.com,catID,2024-10-10 15:12:58
3.212.58.132,netflix.com,catID,2024-10-10 15:12:58
3.232.175.237,netflix.com,catID,2024-10-10 15:12:58
52.200.123.138,netflix.com,catID,2024-10-10 15:12:58
45.57.41.1,netflix.com,catID,2024-10-10 15:12:58
184.86.107.35,netflix.com,catID,2024-10-10 15:12:58
52.85.249.51,netflix.com,catID,2024-10-10 15:12:58
52.12.188.169,netflix.com,catID,2024-10-10 15:12:58
35.155.65.240,netflix.com,catID,2024-10-10 15:12:58
44.233.177.129,netflix.com,catID,2024-10-10 15:12:58
35.82.167.216,netflix.com,catID,2024-10-10 15:12:58
44.232.207.74,netflix.com,catID,2024-10-10 15:12:58
44.239.73.228,netflix.com,catID,2024-10-10 15:12:58
54.186.136.100,netflix.com,catID,2024-10-10 15:12:58
52.11.246.197,netflix.com,catID,2024-10-10 15:12:58
100.127.237.57,netflix.com,catID,2024-10-10 15:12:58
100.127.238.244,netflix.com,catID,2024-10-10 15:12:58
100.127.235.23,netflix.com,catID,2024-10-10 15:12:58
192.225.159.73,netflix.com,catID,2024-10-10 15:12:58
52.11.156.50,netflix.com,catID,2024-10-10 15:12:58
35.160.97.102,netflix.com,catID,2024-10-10 15:12:58
54.148.182.98,netflix.com,catID,2024-10-10 15:12:58
34.210.208.227,netflix.com,catID,2024-10-10 15:12:58
52.41.82.18,netflix.com,catID,2024-10-10 15:12:58
34.215.108.9,netflix.com,catID,2024-10-10 15:12:58
34.211.164.238,netflix.com,catID,2024-10-10 15:12:58
35.165.10.229,netflix.com,catID,2024-10-10 15:12:58
52.26.12.98,netflix.com,catID,2024-10-10 15:12:58
54.69.20.121,netflix.com,catID,2024-10-10 15:12:58
52.39.104.193,netflix.com,catID,2024-10-10 15:12:58
44.235.106.21,netflix.com,catID,2024-10-10 15:12:58
52.26.166.3,netflix.com,catID,2024-10-10 15:12:58
35.162.191.31,netflix.com,catID,2024-10-10 15:12:58
52.41.147.152,netflix.com,catID,2024-10-10 15:12:58
35.164.140.94,netflix.com,catID,2024-10-10 15:12:58
54.244.21.179,netflix.com,catID,2024-10-10 15:12:58
52.42.158.252,netflix.com,catID,2024-10-10 15:12:58
34.216.53.147,netflix.com,catID,2024-10-10 15:12:58
35.166.48.236,netflix.com,catID,2024-10-10 15:12:58
52.33.183.30,netflix.com,catID,2024-10-10 15:12:58
50.112.18.78,netflix.com,catID,2024-10-10 15:12:58
52.34.101.130,netflix.com,catID,2024-10-10 15:12:58
52.88.3.121,netflix.com,catID,2024-10-10 15:12:58
23.32.45.32,netflix.com,catID,2024-10-10 15:12:58
23.32.45.36,netflix.com,catID,2024-10-10 15:12:58
3.230.129.93,netflix.com,catID,2024-10-10 15:12:58
52.3.144.142,netflix.com,catID,2024-10-10 15:12:58
54.237.226.164,netflix.com,catID,2024-10-10 15:12:58
52.39.59.153,netflix.com,catID,2024-10-10 15:12:58
52.25.91.36,netflix.com,catID,2024-10-10 15:12:58
54.187.197.125,netflix.com,catID,2024-10-10 15:12:58
54.148.156.148,netflix.com,catID,2024-10-10 15:12:58
34.215.4.11,netflix.com,catID,2024-10-10 15:12:58
54.68.21.60,netflix.com,catID,2024-10-10 15:12:58
54.69.97.230,netflix.com,catID,2024-10-10 15:12:58
35.167.99.241,netflix.com,catID,2024-10-10 15:12:58
52.26.2.78,netflix.com,catID,2024-10-10 15:12:58
34.214.128.13,netflix.com,catID,2024-10-10 15:12:58
52.36.71.59,netflix.com,catID,2024-10-10 15:12:58
52.26.210.187,netflix.com,catID,2024-10-10 15:12:58
23.217.118.23,netflix.com,catID,2024-10-10 15:12:58
23.217.118.27,netflix.com,catID,2024-10-10 15:12:58
52.35.249.49,netflix.com,catID,2024-10-10 15:12:58
52.37.143.24,netflix.com,catID,2024-10-10 15:12:58
54.68.4.114,netflix.com,catID,2024-10-10 15:12:58
54.187.195.1,netflix.com,catID,2024-10-10 15:12:58
54.68.196.34,netflix.com,catID,2024-10-10 15:12:58
52.26.188.15,netflix.com,catID,2024-10-10 15:12:58
52.26.193.129,netflix.com,catID,2024-10-10 15:12:58
54.148.12.190,netflix.com,catID,2024-10-10 15:12:58
52.33.47.163,netflix.com,catID,2024-10-10 15:12:58
52.11.14.80,netflix.com,catID,2024-10-10 15:12:58
52.34.101.105,netflix.com,catID,2024-10-10 15:12:58
96.16.55.17,netflix.com,catID,2024-10-10 15:12:58
96.16.55.25,netflix.com,catID,2024-10-10 15:12:58
