125.235.4.59,tv360.vn,catID,2024-10-10 15:13:01
2.18.48.127,tv360.vn,catID,2024-10-10 15:13:01
117.0.16.101,tv360.vn,catID,2024-10-10 15:13:01
116.108.198.71,tv360.vn,catID,2024-10-10 15:13:01
116.108.198.73,tv360.vn,catID,2024-10-10 15:13:01
117.0.16.102,tv360.vn,catID,2024-10-10 15:13:01
116.108.198.69,tv360.vn,catID,2024-10-10 15:13:01
116.108.198.7,tv360.vn,catID,2024-10-10 15:13:01
117.0.16.86,tv360.vn,catID,2024-10-10 15:13:01
27.67.50.89,tv360.vn,catID,2024-10-10 15:13:01
117.0.16.87,tv360.vn,catID,2024-10-10 15:13:01
116.108.198.11,tv360.vn,catID,2024-10-10 15:13:01
117.0.16.88,tv360.vn,catID,2024-10-10 15:13:01
116.108.198.10,tv360.vn,catID,2024-10-10 15:13:01
171.244.135.207,tv360.vn,catID,2024-10-10 15:13:01
171.244.135.206,tv360.vn,catID,2024-10-10 15:13:01
171.244.135.205,tv360.vn,catID,2024-10-10 15:13:01
171.244.135.208,tv360.vn,catID,2024-10-10 15:13:01
171.244.135.176,tv360.vn,catID,2024-10-10 15:13:01
163.181.143.245,tv360.vn,catID,2024-10-10 15:13:01
163.181.143.244,tv360.vn,catID,2024-10-10 15:13:01
163.181.143.251,tv360.vn,catID,2024-10-10 15:13:01
163.181.143.243,tv360.vn,catID,2024-10-10 15:13:01
163.181.143.250,tv360.vn,catID,2024-10-10 15:13:01
163.181.143.249,tv360.vn,catID,2024-10-10 15:13:01
163.181.143.248,tv360.vn,catID,2024-10-10 15:13:01
163.181.143.246,tv360.vn,catID,2024-10-10 15:13:01
47.246.23.230,tv360.vn,catID,2024-10-10 15:13:01
8.219.192.127,tv360.vn,catID,2024-10-10 15:13:01
8.219.57.213,tv360.vn,catID,2024-10-10 15:13:01
8.222.147.234,tv360.vn,catID,2024-10-10 15:13:01
8.222.147.58,tv360.vn,catID,2024-10-10 15:13:01
8.222.147.166,tv360.vn,catID,2024-10-10 15:13:01
8.219.230.93,tv360.vn,catID,2024-10-10 15:13:01
8.222.145.208,tv360.vn,catID,2024-10-10 15:13:01
8.219.255.127,tv360.vn,catID,2024-10-10 15:13:01
8.219.133.27,tv360.vn,catID,2024-10-10 15:13:01
8.222.147.202,tv360.vn,catID,2024-10-10 15:13:01
27.67.50.81,tv360.vn,catID,2024-10-10 15:13:01
172.96.115.226,tv360.vn,catID,2024-10-10 15:13:01
98.96.234.10,tv360.vn,catID,2024-10-10 15:13:01
171.244.232.16,tv360.vn,catID,2024-10-10 15:13:01
171.244.232.17,tv360.vn,catID,2024-10-10 15:13:01
139.99.62.228,tv360.vn,catID,2024-10-10 15:13:01
139.99.68.173,tv360.vn,catID,2024-10-10 15:13:01
8.219.255.118,tv360.vn,catID,2024-10-10 15:13:01
8.219.240.204,tv360.vn,catID,2024-10-10 15:13:01
117.0.16.84,tv360.vn,catID,2024-10-10 15:13:01
23.251.107.37,tv360.vn,catID,2024-10-10 15:13:01
98.96.201.213,tv360.vn,catID,2024-10-10 15:13:01
47.246.20.232,tv360.vn,catID,2024-10-10 15:13:01
47.246.20.231,tv360.vn,catID,2024-10-10 15:13:01
47.246.20.228,tv360.vn,catID,2024-10-10 15:13:01
47.246.20.234,tv360.vn,catID,2024-10-10 15:13:01
47.246.20.233,tv360.vn,catID,2024-10-10 15:13:01
47.246.20.229,tv360.vn,catID,2024-10-10 15:13:01
47.246.20.227,tv360.vn,catID,2024-10-10 15:13:01
47.246.20.230,tv360.vn,catID,2024-10-10 15:13:01
117.5.230.201,tv360.vn,catID,2024-10-10 15:13:01
47.246.22.215,tv360.vn,catID,2024-10-10 15:13:01
8.219.239.10,tv360.vn,catID,2024-10-10 15:13:01
8.219.249.176,tv360.vn,catID,2024-10-10 15:13:01
8.219.208.99,tv360.vn,catID,2024-10-10 15:13:01
8.219.223.156,tv360.vn,catID,2024-10-10 15:13:01
8.219.222.11,tv360.vn,catID,2024-10-10 15:13:01
8.219.237.60,tv360.vn,catID,2024-10-10 15:13:01
8.219.201.60,tv360.vn,catID,2024-10-10 15:13:01
8.219.113.51,tv360.vn,catID,2024-10-10 15:13:01
8.219.148.192,tv360.vn,catID,2024-10-10 15:13:01
8.219.218.223,tv360.vn,catID,2024-10-10 15:13:01
27.67.50.143,tv360.vn,catID,2024-10-10 15:13:01
2.18.49.127,tv360.vn,catID,2024-10-10 15:13:01
117.0.16.100,tv360.vn,catID,2024-10-10 15:13:01
171.244.187.82,tv360.vn,catID,2024-10-10 15:13:01
103.237.144.224,tv360.vn,catID,2024-10-10 15:13:01
27.67.50.135,tv360.vn,catID,2024-10-10 15:13:01
27.67.50.6,tv360.vn,catID,2024-10-10 15:13:01
156.59.224.9,tv360.vn,catID,2024-10-10 15:13:01
149.104.80.234,tv360.vn,catID,2024-10-10 15:13:01
149.104.80.233,tv360.vn,catID,2024-10-10 15:13:01
154.94.71.234,tv360.vn,catID,2024-10-10 15:13:01
149.104.80.232,tv360.vn,catID,2024-10-10 15:13:01
156.59.224.11,tv360.vn,catID,2024-10-10 15:13:01
154.94.71.235,tv360.vn,catID,2024-10-10 15:13:01
156.59.74.20,tv360.vn,catID,2024-10-10 15:13:01
156.59.224.10,tv360.vn,catID,2024-10-10 15:13:01
156.59.224.8,tv360.vn,catID,2024-10-10 15:13:01
8.48.85.246,tv360.vn,catID,2024-10-10 15:13:01
116.108.198.150,tv360.vn,catID,2024-10-10 15:13:01
128.1.50.190,tv360.vn,catID,2024-10-10 15:13:01
122.10.142.222,tv360.vn,catID,2024-10-10 15:13:01
122.10.142.221,tv360.vn,catID,2024-10-10 15:13:01
128.1.50.189,tv360.vn,catID,2024-10-10 15:13:01
156.59.55.29,tv360.vn,catID,2024-10-10 15:13:01
156.59.55.30,tv360.vn,catID,2024-10-10 15:13:01
117.0.16.85,tv360.vn,catID,2024-10-10 15:13:01
116.108.198.134,tv360.vn,catID,2024-10-10 15:13:01
107.155.1.197,tv360.vn,catID,2024-10-10 15:13:01
107.155.1.196,tv360.vn,catID,2024-10-10 15:13:01
107.155.1.195,tv360.vn,catID,2024-10-10 15:13:01
27.67.63.103,tv360.vn,catID,2024-10-10 15:13:01
2.18.49.67,tv360.vn,catID,2024-10-10 15:13:01
125.212.200.24,tv360.vn,catID,2024-10-10 15:13:01
2.16.186.33,tv360.vn,catID,2024-10-10 15:13:01
2.16.186.35,tv360.vn,catID,2024-10-10 15:13:01
79.133.176.207,tv360.vn,catID,2024-10-10 15:13:01
171.231.96.206,tv360.vn,catID,2024-10-10 15:13:01
171.244.194.76,tv360.vn,catID,2024-10-10 15:13:01
125.212.200.19,tv360.vn,catID,2024-10-10 15:13:01
8.219.168.214,tv360.vn,catID,2024-10-10 15:13:01
8.219.161.47,tv360.vn,catID,2024-10-10 15:13:01
171.244.135.193,tv360.vn,catID,2024-10-10 15:13:01
171.244.135.192,tv360.vn,catID,2024-10-10 15:13:01
171.244.135.194,tv360.vn,catID,2024-10-10 15:13:01
171.244.135.191,tv360.vn,catID,2024-10-10 15:13:01
163.181.129.229,tv360.vn,catID,2024-10-10 15:13:01
163.181.129.223,tv360.vn,catID,2024-10-10 15:13:01
163.181.129.224,tv360.vn,catID,2024-10-10 15:13:01
163.181.129.228,tv360.vn,catID,2024-10-10 15:13:01
163.181.129.225,tv360.vn,catID,2024-10-10 15:13:01
163.181.129.227,tv360.vn,catID,2024-10-10 15:13:01
163.181.129.230,tv360.vn,catID,2024-10-10 15:13:01
163.181.129.226,tv360.vn,catID,2024-10-10 15:13:01
171.244.135.169,tv360.vn,catID,2024-10-10 15:13:01
171.244.135.170,tv360.vn,catID,2024-10-10 15:13:01
149.104.101.35,tv360.vn,catID,2024-10-10 15:13:01
139.177.246.198,tv360.vn,catID,2024-10-10 15:13:01
149.104.101.34,tv360.vn,catID,2024-10-10 15:13:01
139.177.246.199,tv360.vn,catID,2024-10-10 15:13:01
139.177.246.200,tv360.vn,catID,2024-10-10 15:13:01
139.177.246.197,tv360.vn,catID,2024-10-10 15:13:01
47.246.48.225,tv360.vn,catID,2024-10-10 15:13:01
47.246.48.227,tv360.vn,catID,2024-10-10 15:13:01
47.246.48.229,tv360.vn,catID,2024-10-10 15:13:01
47.246.48.230,tv360.vn,catID,2024-10-10 15:13:01
47.246.48.224,tv360.vn,catID,2024-10-10 15:13:01
47.246.48.228,tv360.vn,catID,2024-10-10 15:13:01
47.246.48.231,tv360.vn,catID,2024-10-10 15:13:01
47.246.48.226,tv360.vn,catID,2024-10-10 15:13:01
163.181.164.243,tv360.vn,catID,2024-10-10 15:13:01
163.181.164.241,tv360.vn,catID,2024-10-10 15:13:01
163.181.164.239,tv360.vn,catID,2024-10-10 15:13:01
163.181.164.205,tv360.vn,catID,2024-10-10 15:13:01
163.181.164.240,tv360.vn,catID,2024-10-10 15:13:01
163.181.164.242,tv360.vn,catID,2024-10-10 15:13:01
163.181.164.204,tv360.vn,catID,2024-10-10 15:13:01
163.181.164.244,tv360.vn,catID,2024-10-10 15:13:01
8.38.121.226,tv360.vn,catID,2024-10-10 15:13:01
8.38.121.229,tv360.vn,catID,2024-10-10 15:13:01
8.38.121.227,tv360.vn,catID,2024-10-10 15:13:01
8.38.121.225,tv360.vn,catID,2024-10-10 15:13:01
8.38.121.228,tv360.vn,catID,2024-10-10 15:13:01
8.38.121.231,tv360.vn,catID,2024-10-10 15:13:01
8.38.121.232,tv360.vn,catID,2024-10-10 15:13:01
8.38.121.230,tv360.vn,catID,2024-10-10 15:13:01
163.181.56.211,tv360.vn,catID,2024-10-10 15:13:01
163.181.56.210,tv360.vn,catID,2024-10-10 15:13:01
163.181.56.215,tv360.vn,catID,2024-10-10 15:13:01
163.181.56.209,tv360.vn,catID,2024-10-10 15:13:01
163.181.56.213,tv360.vn,catID,2024-10-10 15:13:01
163.181.56.212,tv360.vn,catID,2024-10-10 15:13:01
163.181.56.214,tv360.vn,catID,2024-10-10 15:13:01
163.181.56.216,tv360.vn,catID,2024-10-10 15:13:01
171.234.246.190,tv360.vn,catID,2024-10-10 15:13:01
98.96.240.83,tv360.vn,catID,2024-10-10 15:13:01
98.96.240.84,tv360.vn,catID,2024-10-10 15:13:01
98.96.240.82,tv360.vn,catID,2024-10-10 15:13:01
163.181.92.233,tv360.vn,catID,2024-10-10 15:13:01
163.181.92.236,tv360.vn,catID,2024-10-10 15:13:01
163.181.92.238,tv360.vn,catID,2024-10-10 15:13:01
163.181.92.234,tv360.vn,catID,2024-10-10 15:13:01
163.181.92.232,tv360.vn,catID,2024-10-10 15:13:01
163.181.92.235,tv360.vn,catID,2024-10-10 15:13:01
163.181.92.231,tv360.vn,catID,2024-10-10 15:13:01
163.181.92.237,tv360.vn,catID,2024-10-10 15:13:01
117.0.16.103,tv360.vn,catID,2024-10-10 15:13:01
109.61.92.193,tv360.vn,catID,2024-10-10 15:13:01
47.246.2.231,tv360.vn,catID,2024-10-10 15:13:01
47.246.2.228,tv360.vn,catID,2024-10-10 15:13:01
47.246.2.229,tv360.vn,catID,2024-10-10 15:13:01
47.246.2.225,tv360.vn,catID,2024-10-10 15:13:01
47.246.2.226,tv360.vn,catID,2024-10-10 15:13:01
47.246.2.232,tv360.vn,catID,2024-10-10 15:13:01
47.246.2.230,tv360.vn,catID,2024-10-10 15:13:01
47.246.2.227,tv360.vn,catID,2024-10-10 15:13:01
117.0.16.38,tv360.vn,catID,2024-10-10 15:13:01
117.0.16.40,tv360.vn,catID,2024-10-10 15:13:01
117.0.16.36,tv360.vn,catID,2024-10-10 15:13:01
47.246.24.192,tv360.vn,catID,2024-10-10 15:13:01
117.0.16.39,tv360.vn,catID,2024-10-10 15:13:01
171.244.187.81,tv360.vn,catID,2024-10-10 15:13:01
27.67.63.87,tv360.vn,catID,2024-10-10 15:13:01
8.48.85.211,tv360.vn,catID,2024-10-10 15:13:01
210.211.113.36,tv360.vn,catID,2024-10-10 15:13:01
8.219.156.158,tv360.vn,catID,2024-10-10 15:13:01
8.219.122.215,tv360.vn,catID,2024-10-10 15:13:01
8.219.241.244,tv360.vn,catID,2024-10-10 15:13:01
8.219.185.94,tv360.vn,catID,2024-10-10 15:13:01
8.219.154.223,tv360.vn,catID,2024-10-10 15:13:01
8.219.175.15,tv360.vn,catID,2024-10-10 15:13:01
8.222.147.11,tv360.vn,catID,2024-10-10 15:13:01
8.219.195.1,tv360.vn,catID,2024-10-10 15:13:01
8.219.157.59,tv360.vn,catID,2024-10-10 15:13:01
8.222.146.27,tv360.vn,catID,2024-10-10 15:13:01
117.0.16.37,tv360.vn,catID,2024-10-10 15:13:01
