169.136.131.190,likee.video,catID,2024-10-10 15:24:16
23.236.108.146,likee.video,catID,2024-10-10 15:24:16
164.90.85.29,likee.video,catID,2024-10-10 15:24:16
164.90.85.222,likee.video,catID,2024-10-10 15:24:16
164.90.85.190,likee.video,catID,2024-10-10 15:24:16
23.236.108.159,likee.video,catID,2024-10-10 15:24:16
164.90.85.30,likee.video,catID,2024-10-10 15:24:16
169.136.131.191,likee.video,catID,2024-10-10 15:24:16
128.14.200.158,likee.video,catID,2024-10-10 15:24:16
172.96.115.57,likee.video,catID,2024-10-10 15:24:16
128.14.200.145,likee.video,catID,2024-10-10 15:24:16
23.236.108.145,likee.video,catID,2024-10-10 15:24:16
107.155.44.74,likee.video,catID,2024-10-10 15:24:16
164.90.98.96,likee.video,catID,2024-10-10 15:24:16
164.90.116.34,likee.video,catID,2024-10-10 15:24:16
103.216.103.228,likee.video,catID,2024-10-10 15:24:16
164.90.117.65,likee.video,catID,2024-10-10 15:24:16
103.216.103.187,likee.video,catID,2024-10-10 15:24:16
104.218.167.99,likee.video,catID,2024-10-10 15:24:16
202.168.97.26,likee.video,catID,2024-10-10 15:24:16
103.211.193.138,likee.video,catID,2024-10-10 15:24:16
164.90.114.30,likee.video,catID,2024-10-10 15:24:16
202.168.109.241,likee.video,catID,2024-10-10 15:24:16
169.136.83.240,likee.video,catID,2024-10-10 15:24:16
169.197.96.222,likee.video,catID,2024-10-10 15:24:16
169.136.102.221,likee.video,catID,2024-10-10 15:24:16
202.168.101.78,likee.video,catID,2024-10-10 15:24:16
169.136.76.75,likee.video,catID,2024-10-10 15:24:16
157.119.233.253,likee.video,catID,2024-10-10 15:24:16
103.97.83.127,likee.video,catID,2024-10-10 15:24:16
202.63.37.152,likee.video,catID,2024-10-10 15:24:16
202.168.105.218,likee.video,catID,2024-10-10 15:24:16
169.136.79.32,likee.video,catID,2024-10-10 15:24:16
14.29.85.124,likee.video,catID,2024-10-10 15:24:16
128.1.78.64,likee.video,catID,2024-10-10 15:24:16
104.166.188.184,likee.video,catID,2024-10-10 15:24:16
202.168.102.29,likee.video,catID,2024-10-10 15:24:16
164.90.105.128,likee.video,catID,2024-10-10 15:24:16
164.90.105.97,likee.video,catID,2024-10-10 15:24:16
164.90.87.95,likee.video,catID,2024-10-10 15:24:16
164.90.114.1,likee.video,catID,2024-10-10 15:24:16
164.90.98.97,likee.video,catID,2024-10-10 15:24:16
169.136.79.34,likee.video,catID,2024-10-10 15:24:16
202.168.105.219,likee.video,catID,2024-10-10 15:24:16
164.90.117.67,likee.video,catID,2024-10-10 15:24:16
202.63.37.153,likee.video,catID,2024-10-10 15:24:16
169.197.109.9,likee.video,catID,2024-10-10 15:24:16
185.232.56.9,likee.video,catID,2024-10-10 15:24:16
