104.18.2.22,bongda24h.vn,catID,2024-10-10 15:07:22
104.18.3.22,bongda24h.vn,catID,2024-10-10 15:07:22
45.121.163.15,bongda24h.vn,catID,2024-10-10 15:07:22
45.117.160.130,bongda24h.vn,catID,2024-10-10 15:07:22
103.90.223.132,bongda24h.vn,catID,2024-10-10 15:07:22
103.3.252.13,bongda24h.vn,catID,2024-10-10 15:07:22
118.70.251.86,bongda24h.vn,catID,2024-10-10 15:07:22
45.121.163.9,bongda24h.vn,catID,2024-10-10 15:07:22
103.3.252.183,bongda24h.vn,catID,2024-10-10 15:07:22
45.121.163.16,bongda24h.vn,catID,2024-10-10 15:07:22
