104.22.1.93,thethao247.vn,catID,2024-10-10 15:07:21
172.67.25.151,thethao247.vn,catID,2024-10-10 15:07:21
104.22.0.93,thethao247.vn,catID,2024-10-10 15:07:21
42.112.24.65,thethao247.vn,catID,2024-10-10 15:07:21
42.112.24.66,thethao247.vn,catID,2024-10-10 15:07:21
104.31.4.156,thethao247.vn,catID,2024-10-10 15:07:21
104.31.5.156,thethao247.vn,catID,2024-10-10 15:07:21
42.112.24.118,thethao247.vn,catID,2024-10-10 15:07:21
104.27.203.88,thethao247.vn,catID,2024-10-10 15:07:21
104.27.202.88,thethao247.vn,catID,2024-10-10 15:07:21
104.21.235.167,thethao247.vn,catID,2024-10-10 15:07:21
104.21.235.168,thethao247.vn,catID,2024-10-10 15:07:21
104.23.133.16,thethao247.vn,catID,2024-10-10 15:07:21
104.23.134.16,thethao247.vn,catID,2024-10-10 15:07:21
210.245.26.169,thethao247.vn,catID,2024-10-10 15:07:21
42.112.24.72,thethao247.vn,catID,2024-10-10 15:07:21
42.112.24.117,thethao247.vn,catID,2024-10-10 15:07:21
