172.67.31.242,f88.vn,catID,2024-10-10 15:16:18
104.22.51.112,f88.vn,catID,2024-10-10 15:16:18
104.22.50.112,f88.vn,catID,2024-10-10 15:16:18
13.228.81.39,f88.vn,catID,2024-10-10 15:16:18
18.139.62.226,f88.vn,catID,2024-10-10 15:16:18
54.179.173.60,f88.vn,catID,2024-10-10 15:16:18
1.55.212.247,f88.vn,catID,2024-10-10 15:16:18
183.81.37.66,f88.vn,catID,2024-10-10 15:16:18
58.187.11.15,f88.vn,catID,2024-10-10 15:16:18
172.67.30.182,f88.vn,catID,2024-10-10 15:16:18
104.22.66.218,f88.vn,catID,2024-10-10 15:16:18
104.22.67.218,f88.vn,catID,2024-10-10 15:16:18
52.222.139.53,f88.vn,catID,2024-10-10 15:16:18
52.222.139.90,f88.vn,catID,2024-10-10 15:16:18
52.222.139.8,f88.vn,catID,2024-10-10 15:16:18
52.222.139.107,f88.vn,catID,2024-10-10 15:16:18
52.77.23.116,f88.vn,catID,2024-10-10 15:16:18
54.254.174.40,f88.vn,catID,2024-10-10 15:16:18
108.159.61.78,f88.vn,catID,2024-10-10 15:16:18
108.159.61.19,f88.vn,catID,2024-10-10 15:16:18
108.159.61.120,f88.vn,catID,2024-10-10 15:16:18
108.159.61.48,f88.vn,catID,2024-10-10 15:16:18
108.139.182.73,f88.vn,catID,2024-10-10 15:16:18
108.139.182.62,f88.vn,catID,2024-10-10 15:16:18
108.139.182.52,f88.vn,catID,2024-10-10 15:16:18
108.139.182.117,f88.vn,catID,2024-10-10 15:16:18
52.76.255.87,f88.vn,catID,2024-10-10 15:16:18
54.255.11.195,f88.vn,catID,2024-10-10 15:16:18
118.71.249.236,f88.vn,catID,2024-10-10 15:16:18
74.125.204.121,f88.vn,catID,2024-10-10 15:16:18
18.142.208.246,f88.vn,catID,2024-10-10 15:16:18
18.138.206.213,f88.vn,catID,2024-10-10 15:16:18
103.69.193.192,f88.vn,catID,2024-10-10 15:16:18
222.255.27.184,f88.vn,catID,2024-10-10 15:16:18
123.30.215.18,f88.vn,catID,2024-10-10 15:16:18
123.30.242.13,f88.vn,catID,2024-10-10 15:16:18
123.30.215.55,f88.vn,catID,2024-10-10 15:16:18
222.255.27.45,f88.vn,catID,2024-10-10 15:16:18
123.30.242.10,f88.vn,catID,2024-10-10 15:16:18
222.255.27.187,f88.vn,catID,2024-10-10 15:16:18
13.228.109.41,f88.vn,catID,2024-10-10 15:16:18
13.213.131.131,f88.vn,catID,2024-10-10 15:16:18
18.139.67.176,f88.vn,catID,2024-10-10 15:16:18
157.245.53.173,f88.vn,catID,2024-10-10 15:16:18
183.81.37.65,f88.vn,catID,2024-10-10 15:16:18
18.154.206.107,f88.vn,catID,2024-10-10 15:16:18
18.154.206.6,f88.vn,catID,2024-10-10 15:16:18
18.154.206.4,f88.vn,catID,2024-10-10 15:16:18
18.154.206.116,f88.vn,catID,2024-10-10 15:16:18
13.228.233.77,f88.vn,catID,2024-10-10 15:16:18
103.107.183.201,f88.vn,catID,2024-10-10 15:16:18
13.250.255.10,f88.vn,catID,2024-10-10 15:16:18
13.214.5.92,f88.vn,catID,2024-10-10 15:16:18
13.250.192.238,f88.vn,catID,2024-10-10 15:16:18
52.220.168.168,f88.vn,catID,2024-10-10 15:16:18
52.72.49.79,f88.vn,catID,2024-10-10 15:16:18
13.229.15.146,f88.vn,catID,2024-10-10 15:16:18
13.251.251.159,f88.vn,catID,2024-10-10 15:16:18
52.221.6.123,f88.vn,catID,2024-10-10 15:16:18
54.254.26.94,f88.vn,catID,2024-10-10 15:16:18
202.92.7.103,f88.vn,catID,2024-10-10 15:16:18
104.18.5.171,f88.vn,catID,2024-10-10 15:16:18
104.18.4.171,f88.vn,catID,2024-10-10 15:16:18
52.220.43.224,f88.vn,catID,2024-10-10 15:16:18
58.187.11.20,f88.vn,catID,2024-10-10 15:16:18
18.138.25.70,f88.vn,catID,2024-10-10 15:16:18
52.76.223.225,f88.vn,catID,2024-10-10 15:16:18
3.1.2.29,f88.vn,catID,2024-10-10 15:16:18
52.74.24.24,f88.vn,catID,2024-10-10 15:16:18
52.74.145.157,f88.vn,catID,2024-10-10 15:16:18
13.213.190.187,f88.vn,catID,2024-10-10 15:16:18
52.77.128.134,f88.vn,catID,2024-10-10 15:16:18
103.107.182.129,f88.vn,catID,2024-10-10 15:16:18
103.56.157.198,f88.vn,catID,2024-10-10 15:16:18
13.228.87.219,f88.vn,catID,2024-10-10 15:16:18
52.220.48.161,f88.vn,catID,2024-10-10 15:16:18
13.213.230.75,f88.vn,catID,2024-10-10 15:16:18
52.77.138.116,f88.vn,catID,2024-10-10 15:16:18
