221.132.38.195,vietstock.vn,catID,2024-10-10 15:16:20
221.132.38.205,vietstock.vn,catID,2024-10-10 15:16:20
221.132.38.197,vietstock.vn,catID,2024-10-10 15:16:20
221.132.38.200,vietstock.vn,catID,2024-10-10 15:16:20
221.132.38.206,vietstock.vn,catID,2024-10-10 15:16:20
221.132.38.204,vietstock.vn,catID,2024-10-10 15:16:20
221.132.38.217,vietstock.vn,catID,2024-10-10 15:16:20
221.132.38.203,vietstock.vn,catID,2024-10-10 15:16:20
221.132.38.210,vietstock.vn,catID,2024-10-10 15:16:20
118.69.70.132,vietstock.vn,catID,2024-10-10 15:16:20
221.132.38.214,vietstock.vn,catID,2024-10-10 15:16:20
221.132.38.199,vietstock.vn,catID,2024-10-10 15:16:20
221.132.38.202,vietstock.vn,catID,2024-10-10 15:16:20
221.132.38.198,vietstock.vn,catID,2024-10-10 15:16:20
221.132.38.209,vietstock.vn,catID,2024-10-10 15:16:20
221.132.38.196,vietstock.vn,catID,2024-10-10 15:16:20
221.132.38.201,vietstock.vn,catID,2024-10-10 15:16:20
