34.107.168.200,tiki.vn,catID,2024-10-10 15:26:40
35.185.189.0,tiki.vn,catID,2024-10-10 15:26:40
35.197.139.39,tiki.vn,catID,2024-10-10 15:26:40
203.162.81.188,tiki.vn,catID,2024-10-10 15:26:40
35.186.148.250,tiki.vn,catID,2024-10-10 15:26:40
35.240.178.83,tiki.vn,catID,2024-10-10 15:26:40
35.247.141.115,tiki.vn,catID,2024-10-10 15:26:40
74.119.119.139,tiki.vn,catID,2024-10-10 15:26:40
203.162.81.190,tiki.vn,catID,2024-10-10 15:26:40
13.250.71.186,tiki.vn,catID,2024-10-10 15:26:40
52.220.189.233,tiki.vn,catID,2024-10-10 15:26:40
64.62.250.111,tiki.vn,catID,2024-10-10 15:26:40
52.54.11.249,tiki.vn,catID,2024-10-10 15:26:40
52.72.176.123,tiki.vn,catID,2024-10-10 15:26:40
107.20.205.67,tiki.vn,catID,2024-10-10 15:26:40
52.200.230.128,tiki.vn,catID,2024-10-10 15:26:40
54.237.169.70,tiki.vn,catID,2024-10-10 15:26:40
3.211.59.43,tiki.vn,catID,2024-10-10 15:26:40
3.208.49.102,tiki.vn,catID,2024-10-10 15:26:40
54.196.59.195,tiki.vn,catID,2024-10-10 15:26:40
5.57.16.229,tiki.vn,catID,2024-10-10 15:26:40
108.177.111.121,tiki.vn,catID,2024-10-10 15:26:40
34.149.61.92,tiki.vn,catID,2024-10-10 15:26:40
35.197.140.167,tiki.vn,catID,2024-10-10 15:26:40
52.43.129.36,tiki.vn,catID,2024-10-10 15:26:40
35.166.166.108,tiki.vn,catID,2024-10-10 15:26:40
54.149.39.155,tiki.vn,catID,2024-10-10 15:26:40
52.32.30.45,tiki.vn,catID,2024-10-10 15:26:40
52.33.234.230,tiki.vn,catID,2024-10-10 15:26:40
52.74.200.194,tiki.vn,catID,2024-10-10 15:26:40
35.186.195.157,tiki.vn,catID,2024-10-10 15:26:40
